hash_email;user_id_meta;impressions;primary_platform;age_bucket;primary_campaign;click;first_exposure_date
bae26c4dc1a80c7eab61;META-800001;2;Instagram_Reels;30-39;ModeVerte_Eco_Reels;0;2026-03-20
cfc3a8bc315f1768383a;META-800002;5;Instagram_Reels;40-49;ModeVerte_Spring_Stories;0;2026-03-06
b236e2e37a359427782a;META-800003;4;Facebook_Marketplace;20-29;ModeVerte_Spring_Feed;0;2026-03-16
16ac2b8ee5a2e4102629;META-800004;1;Instagram_Feed;60-69;ModeVerte_Spring_Stories;0;2026-03-14
b108c242673bf1dd3f87;META-800005;3;Instagram_Feed;30-39;ModeVerte_Eco_Reels;0;2026-03-15
eb30497b55cf3c6f1eca;META-800006;4;Facebook_Feed;30-39;ModeVerte_Spring_Feed;0;2026-03-26
676d56b01b3e9fc71c9f;META-800007;1;Instagram_Reels;40-49;ModeVerte_Spring_Stories;0;2026-03-15
35e0ea1dc70500c236ef;META-800008;8;Facebook_Marketplace;60-69;ModeVerte_Eco_Reels;0;2026-03-12
2863332c0070547a57f8;META-800009;3;Instagram_Feed;40-49;ModeVerte_Spring_Feed;0;2026-03-24
40cc84b79f70ebc629fc;META-800010;3;Instagram_Reels;50-59;ModeVerte_Spring_Stories;0;2026-03-07
cfaff512ee687a4f4943;META-800011;2;Instagram_Stories;40-49;ModeVerte_Spring_Stories;0;2026-03-11
a0ecab2e303307511c8e;META-800012;1;Instagram_Feed;65+;ModeVerte_Eco_Reels;0;2026-03-01
2b49cdde04344b0aff4a;META-800013;1;Facebook_Feed;20-29;ModeVerte_Spring_Feed;0;2026-03-30
3ae4f7ac47fd3252409a;META-800014;3;Instagram_Stories;30-39;ModeVerte_Spring_Stories;0;2026-03-29
bef840263071c4792d82;META-800015;6;Facebook_Marketplace;40-49;ModeVerte_Spring_Stories;0;2026-03-05
1e280e6409f803adf755;META-800016;2;Facebook_Marketplace;40-49;ModeVerte_Spring_Feed;0;2026-03-09
39251f5f45cbaccc2391;META-800017;2;Instagram_Reels;30-39;ModeVerte_Eco_Reels;0;2026-03-09
6f59275199a4eeacae02;META-800018;5;Facebook_Marketplace;40-49;ModeVerte_Spring_Stories;0;2026-03-19
65c0d0150cd2384ae7b0;META-800019;1;Instagram_Reels;20-29;ModeVerte_Spring_Stories;0;2026-03-17
0dfb986b498a8937594a;META-800020;5;Instagram_Stories;40-49;ModeVerte_Eco_Reels;0;2026-03-04
dd503d900d64808ea7f8;META-800021;2;Facebook_Feed;30-39;ModeVerte_Eco_Reels;0;2026-03-24
a512fe6fcaac3f11773a;META-800022;2;Facebook_Feed;20-29;ModeVerte_Spring_Stories;0;2026-03-22
952a48c3cdf80037c040;META-800023;1;Instagram_Stories;30-39;ModeVerte_Spring_Stories;0;2026-03-06
d4cfa8e49cbf56050acf;META-800024;1;Instagram_Stories;40-49;ModeVerte_Spring_Stories;0;2026-03-09
f929be1a42082cef93ec;META-800025;2;Instagram_Reels;30-39;ModeVerte_Spring_Feed;0;2026-03-03
78871a91fb757a64ddfd;META-800026;1;Instagram_Feed;20-29;ModeVerte_Spring_Stories;0;2026-03-18
06b99b439268969b36f1;META-800027;1;Instagram_Stories;50-59;ModeVerte_Eco_Reels;0;2026-03-03
234a1a8717378217e687;META-800028;1;Instagram_Stories;65+;ModeVerte_Spring_Feed;0;2026-03-13
76b6c8204df31b8b5260;META-800029;3;Facebook_Marketplace;50-59;ModeVerte_Spring_Feed;0;2026-03-29
8bcf159621b9c1f1fe71;META-800030;2;Facebook_Marketplace;30-39;ModeVerte_Eco_Reels;0;2026-03-20
14309c8b72faad0fbe74;META-800031;5;Facebook_Marketplace;30-39;ModeVerte_Eco_Reels;0;2026-03-21
895952e9fe042642c9e1;META-800032;2;Instagram_Reels;50-59;ModeVerte_Eco_Reels;0;2026-03-01
9a8a9f538f45cb9467de;META-800033;1;Instagram_Feed;40-49;ModeVerte_Eco_Reels;0;2026-03-19
d97122c1bfc349b1089f;META-800034;1;Facebook_Marketplace;65+;ModeVerte_Spring_Feed;0;2026-03-21
566a2ce9f69be0131203;META-800035;2;Instagram_Reels;60-69;ModeVerte_Eco_Reels;0;2026-03-27
867bd2213a72a4cb0e52;META-800036;8;Instagram_Reels;20-29;ModeVerte_Spring_Stories;0;2026-03-23
698d7e92b52b928305ed;META-800037;4;Instagram_Feed;65+;ModeVerte_Spring_Stories;0;2026-03-03
2b94873d8c687cbec0cf;META-800038;1;Instagram_Reels;30-39;ModeVerte_Spring_Stories;0;2026-03-06
452264ef29b407dd461c;META-800039;2;Facebook_Marketplace;60-69;ModeVerte_Spring_Feed;0;2026-03-14
e9274d6298baf185c751;META-800040;1;Instagram_Feed;50-59;ModeVerte_Eco_Reels;0;2026-03-25
dbaec44b963e7f1f0fc2;META-800041;4;Facebook_Feed;30-39;ModeVerte_Spring_Feed;0;2026-03-08
b3654931adde16139f6e;META-800042;1;Instagram_Reels;65+;ModeVerte_Spring_Stories;0;2026-03-05
be488b8fb83e7401055a;META-800043;3;Instagram_Reels;20-29;ModeVerte_Spring_Feed;0;2026-03-10
bcb762eb37d4af99c778;META-800044;2;Instagram_Stories;50-59;ModeVerte_Spring_Stories;0;2026-03-26
98b0f3fa7f67d54838f7;META-800045;2;Instagram_Stories;30-39;ModeVerte_Spring_Stories;0;2026-03-08
0abfe8d9bd96616e9e5f;META-800046;6;Instagram_Feed;40-49;ModeVerte_Spring_Stories;0;2026-03-27
1dd120d8157dc76476c9;META-800047;3;Instagram_Stories;30-39;ModeVerte_Spring_Feed;0;2026-03-04
7d7fefcde5edb22d4357;META-800048;2;Instagram_Feed;30-39;ModeVerte_Eco_Reels;0;2026-03-02
c5d5e3713b6a1d42b7bf;META-800049;5;Instagram_Feed;20-29;ModeVerte_Eco_Reels;0;2026-03-28
797cee0f853bc29a26a0;META-800050;5;Facebook_Marketplace;30-39;ModeVerte_Eco_Reels;1;2026-03-06
1d7fa0ff668538b33cf7;META-800051;1;Facebook_Marketplace;65+;ModeVerte_Spring_Feed;0;2026-03-06
a1cd7f057d5ccb5de410;META-800052;5;Instagram_Stories;30-39;ModeVerte_Spring_Stories;0;2026-03-01
9c5d32059c61a95deb6a;META-800053;2;Instagram_Reels;30-39;ModeVerte_Spring_Stories;0;2026-03-20
ccf8c7813963fd3c2e6e;META-800054;1;Facebook_Feed;65+;ModeVerte_Spring_Feed;0;2026-03-20
53f83285f0ab1b7588ee;META-800055;1;Instagram_Stories;20-29;ModeVerte_Spring_Stories;0;2026-03-05
1ae120300b5cc1873fff;META-800056;1;Facebook_Feed;40-49;ModeVerte_Spring_Stories;0;2026-03-30
707f3990d25fa126b51a;META-800057;2;Instagram_Stories;30-39;ModeVerte_Spring_Feed;0;2026-03-23
102bfc44725cef0a9e21;META-800058;3;Facebook_Feed;40-49;ModeVerte_Spring_Feed;0;2026-03-21
a1e0212d8b7f23a4e7ae;META-800059;4;Facebook_Marketplace;40-49;ModeVerte_Spring_Feed;0;2026-03-24
2b65200f582987cb5c15;META-800060;1;Instagram_Stories;65+;ModeVerte_Eco_Reels;0;2026-03-14
9232e77afd740471cd54;META-800061;1;Facebook_Feed;40-49;ModeVerte_Spring_Stories;0;2026-03-18
c29430f2410678506723;META-800062;2;Instagram_Reels;40-49;ModeVerte_Spring_Feed;0;2026-03-13
d01750204d714630b72f;META-800063;5;Instagram_Feed;60-69;ModeVerte_Eco_Reels;0;2026-03-29
8b03f912c7530df31584;META-800064;5;Instagram_Stories;60-69;ModeVerte_Eco_Reels;0;2026-03-02
8473be2ab9b303323764;META-800065;1;Instagram_Feed;20-29;ModeVerte_Eco_Reels;0;2026-03-03
aeb5bb7d9307665907f7;META-800066;3;Instagram_Reels;65+;ModeVerte_Spring_Feed;0;2026-03-29
8215e12860dff6ef8209;META-800067;3;Instagram_Stories;30-39;ModeVerte_Spring_Feed;0;2026-03-27
a85e5b7c49424942fa0f;META-800068;3;Instagram_Reels;60-69;ModeVerte_Eco_Reels;0;2026-03-12
d759df3d94755f06262f;META-800069;2;Instagram_Reels;30-39;ModeVerte_Spring_Feed;0;2026-03-24
3fdaeefbac6b5dcb725f;META-800070;3;Facebook_Feed;10-19;ModeVerte_Eco_Reels;0;2026-03-08
2db3ce0b3aa8da1e78dc;META-800071;8;Instagram_Reels;40-49;ModeVerte_Spring_Feed;0;2026-03-22
07091ff1b8f0725347a0;META-800072;2;Facebook_Feed;20-29;ModeVerte_Eco_Reels;0;2026-03-03
2f47f82a1b1c00ae09d0;META-800073;4;Facebook_Marketplace;40-49;ModeVerte_Eco_Reels;0;2026-03-06
43f9ab2b1b007fac70e1;META-800074;5;Facebook_Feed;50-59;ModeVerte_Spring_Stories;0;2026-03-29
cd6d2ccf1239d0a6958a;META-800075;5;Instagram_Feed;40-49;ModeVerte_Eco_Reels;0;2026-03-11
4d0def0a7336c6022e18;META-800076;1;Instagram_Reels;50-59;ModeVerte_Eco_Reels;0;2026-03-05
0c2383ee78b1673a48a1;META-800077;2;Facebook_Feed;20-29;ModeVerte_Eco_Reels;0;2026-03-16
584010283b0637137477;META-800078;1;Instagram_Feed;40-49;ModeVerte_Eco_Reels;0;2026-03-26
cf1527486696325e7dc1;META-800079;4;Instagram_Stories;50-59;ModeVerte_Spring_Feed;0;2026-03-28
e4e7290457038d2e97ab;META-800080;4;Facebook_Feed;20-29;ModeVerte_Eco_Reels;0;2026-03-15
1540dacce75e61767516;META-800081;1;Instagram_Stories;40-49;ModeVerte_Spring_Stories;0;2026-03-01
d927b25b66109ee82929;META-800082;3;Instagram_Feed;20-29;ModeVerte_Spring_Stories;0;2026-03-22
2ce319a4305f31ed422b;META-800083;2;Instagram_Stories;60-69;ModeVerte_Spring_Stories;0;2026-03-25
736660c975ff523dee8d;META-800084;2;Instagram_Feed;50-59;ModeVerte_Spring_Stories;0;2026-03-02
c578ca059fbfe3357116;META-800085;3;Instagram_Reels;20-29;ModeVerte_Spring_Feed;0;2026-03-04
c2d7cdfdc9dcf1a32c6f;META-800086;4;Instagram_Stories;40-49;ModeVerte_Eco_Reels;0;2026-03-25
d635bbe4b2e055e74529;META-800087;3;Instagram_Feed;40-49;ModeVerte_Spring_Feed;0;2026-03-11
d9d34bf0678f754c4517;META-800088;1;Instagram_Stories;40-49;ModeVerte_Spring_Stories;0;2026-03-18
f4f88f1920a162df91b0;META-800089;1;Facebook_Marketplace;30-39;ModeVerte_Spring_Stories;0;2026-03-26
75671baafa3dfe110003;META-800090;5;Instagram_Feed;40-49;ModeVerte_Spring_Feed;0;2026-03-18
a8b5cede762b05066202;META-800091;1;Facebook_Feed;30-39;ModeVerte_Eco_Reels;0;2026-03-02
bf080b3d5d42dc1de949;META-800092;4;Instagram_Feed;65+;ModeVerte_Eco_Reels;0;2026-03-04
f530cd3673dba113fe63;META-800093;6;Instagram_Reels;50-59;ModeVerte_Spring_Stories;0;2026-03-18
2455a9ea78fcbd7e4611;META-800094;5;Instagram_Stories;40-49;ModeVerte_Spring_Feed;0;2026-03-22
2df59a9a73bea22fd8bb;META-800095;5;Instagram_Feed;40-49;ModeVerte_Spring_Stories;0;2026-03-25
0ac05ecc4f430c542d6c;META-800096;4;Instagram_Feed;30-39;ModeVerte_Eco_Reels;0;2026-03-06
8de444bd3216ac8da716;META-800097;5;Instagram_Feed;30-39;ModeVerte_Spring_Stories;0;2026-03-01
08e5c75ed8546162f1c9;META-800098;4;Instagram_Stories;50-59;ModeVerte_Spring_Stories;0;2026-03-23
efe4771a8eb4f53c11d0;META-800099;4;Instagram_Reels;50-59;ModeVerte_Spring_Feed;0;2026-03-27
ad36de64b047f37f1c50;META-800100;2;Instagram_Reels;20-29;ModeVerte_Spring_Stories;0;2026-03-12
7821c757fb5cfbccf562;META-800101;4;Instagram_Reels;60-69;ModeVerte_Eco_Reels;0;2026-03-18
e5523abb6b0b47f0c5c1;META-800102;8;Instagram_Feed;50-59;ModeVerte_Spring_Feed;0;2026-03-20
098e80554412dc8942b8;META-800103;4;Instagram_Feed;30-39;ModeVerte_Spring_Feed;0;2026-03-03
d7057e25b7f25196d70d;META-800104;2;Facebook_Marketplace;60-69;ModeVerte_Eco_Reels;0;2026-03-17
b16479672d23e31f4c83;META-800105;2;Instagram_Reels;20-29;ModeVerte_Spring_Feed;0;2026-03-17
9c1585860688c371b00b;META-800106;3;Facebook_Feed;40-49;ModeVerte_Eco_Reels;0;2026-03-22
f90806122dd7abe9917e;META-800107;1;Facebook_Marketplace;65+;ModeVerte_Eco_Reels;0;2026-03-08
53473bbfd43d3666de1d;META-800108;1;Facebook_Feed;50-59;ModeVerte_Eco_Reels;0;2026-03-18
e008f9c51377ccfeae0a;META-800109;4;Facebook_Marketplace;30-39;ModeVerte_Eco_Reels;0;2026-03-28
8560351e60e315e99246;META-800110;2;Facebook_Feed;30-39;ModeVerte_Spring_Stories;0;2026-03-27
6c0b668e156fb5f09c75;META-800111;2;Instagram_Reels;50-59;ModeVerte_Eco_Reels;0;2026-03-06
817af8f3da39a2c84bb6;META-800112;4;Instagram_Reels;60-69;ModeVerte_Spring_Feed;0;2026-03-01
3e3a8744a97a0c0887d2;META-800113;2;Facebook_Marketplace;60-69;ModeVerte_Eco_Reels;0;2026-03-26
8f220a606e01d01de8ce;META-800114;2;Instagram_Reels;40-49;ModeVerte_Spring_Stories;0;2026-03-27
e7ee541d83ec800292c5;META-800115;3;Facebook_Feed;50-59;ModeVerte_Spring_Feed;0;2026-03-22
97705bb810ce04cae525;META-800116;2;Instagram_Feed;20-29;ModeVerte_Spring_Stories;0;2026-03-02
c7ee4504fc7fe029d2b4;META-800117;5;Facebook_Feed;30-39;ModeVerte_Spring_Stories;0;2026-03-29
bbbca3976e1ce8a76631;META-800118;1;Facebook_Feed;20-29;ModeVerte_Spring_Stories;0;2026-03-21
3c30bd8b4b31a388b729;META-800119;5;Instagram_Stories;40-49;ModeVerte_Spring_Stories;0;2026-03-16
0802c6ca068965f11b25;META-800120;1;Instagram_Feed;30-39;ModeVerte_Eco_Reels;0;2026-03-10
cc780099c5980170aac0;META-800121;5;Instagram_Stories;20-29;ModeVerte_Eco_Reels;0;2026-03-01
15566d3dafa5bbee410e;META-800122;3;Facebook_Marketplace;50-59;ModeVerte_Spring_Feed;0;2026-03-16
8408d7f8b3e317180878;META-800123;3;Facebook_Feed;50-59;ModeVerte_Spring_Feed;0;2026-03-04
848afab73e82d934cbcf;META-800124;4;Instagram_Reels;30-39;ModeVerte_Spring_Feed;0;2026-03-16
fa831ba46076b5a101bb;META-800125;8;Facebook_Feed;65+;ModeVerte_Spring_Stories;0;2026-03-24
085afc14184c67606a5c;META-800126;3;Instagram_Feed;40-49;ModeVerte_Spring_Stories;0;2026-03-29
70e57efc544f8f69751f;META-800127;3;Instagram_Reels;40-49;ModeVerte_Eco_Reels;0;2026-03-14
547cde08b79544fbe2d9;META-800128;2;Facebook_Feed;40-49;ModeVerte_Eco_Reels;0;2026-03-16
0b352be38c46d4406cf8;META-800129;2;Instagram_Reels;50-59;ModeVerte_Spring_Stories;0;2026-03-11
9abd837877fd0d6f488d;META-800130;8;Facebook_Feed;50-59;ModeVerte_Spring_Feed;0;2026-03-18
87d4792df623c58379cb;META-800131;4;Instagram_Feed;30-39;ModeVerte_Eco_Reels;1;2026-03-01
4d4ea330d82f4d2396e7;META-800132;4;Facebook_Feed;40-49;ModeVerte_Eco_Reels;0;2026-03-21
066d3c419b061f29bd7b;META-800133;1;Instagram_Feed;65+;ModeVerte_Spring_Feed;0;2026-03-19
318a3e71dd37dd7a67af;META-800134;6;Instagram_Stories;30-39;ModeVerte_Eco_Reels;0;2026-03-03
18d16b760f0d63dae629;META-800135;2;Instagram_Stories;50-59;ModeVerte_Spring_Feed;0;2026-03-07
11b417ea96f0d1a37dfc;META-800136;1;Instagram_Stories;40-49;ModeVerte_Eco_Reels;0;2026-03-05
da05c257a5d61ab2318c;META-800137;1;Instagram_Reels;30-39;ModeVerte_Spring_Feed;0;2026-03-16
63506d1bb3da32b9c0eb;META-800138;5;Instagram_Stories;30-39;ModeVerte_Eco_Reels;0;2026-03-13
44a172ae900c86eabda2;META-800139;2;Facebook_Feed;20-29;ModeVerte_Spring_Stories;0;2026-03-02
a2505bcfa8ceb328fd6d;META-800140;2;Instagram_Reels;40-49;ModeVerte_Eco_Reels;0;2026-03-15
999d2f8064ee19085b8b;META-800141;5;Facebook_Marketplace;50-59;ModeVerte_Eco_Reels;0;2026-03-18
6cec67157a1a786ef475;META-800142;1;Facebook_Marketplace;30-39;ModeVerte_Spring_Feed;0;2026-03-04
31ce5fa5098a308dd943;META-800143;1;Facebook_Marketplace;60-69;ModeVerte_Eco_Reels;0;2026-03-01
5761b78b608408b6624f;META-800144;2;Facebook_Marketplace;30-39;ModeVerte_Spring_Feed;0;2026-03-24
e10c37139fb65c74317e;META-800145;3;Instagram_Reels;50-59;ModeVerte_Eco_Reels;0;2026-03-02
944bb17d445061936100;META-800146;2;Instagram_Reels;50-59;ModeVerte_Eco_Reels;0;2026-03-21
aae945d6a85a57e146bf;META-800147;2;Instagram_Stories;20-29;ModeVerte_Spring_Stories;0;2026-03-15
4e1107fcb91b9d8c013b;META-800148;1;Instagram_Feed;30-39;ModeVerte_Eco_Reels;0;2026-03-26
f858660a9c45f8c4b2e5;META-800149;3;Instagram_Stories;40-49;ModeVerte_Eco_Reels;0;2026-03-21
7543918890791a50245d;META-800150;6;Instagram_Reels;10-19;ModeVerte_Eco_Reels;0;2026-03-30
0960b1c25f4d903d8c87;META-800151;5;Facebook_Feed;30-39;ModeVerte_Eco_Reels;0;2026-03-27
6f9f7191ad7aef290bf6;META-800152;4;Facebook_Marketplace;40-49;ModeVerte_Eco_Reels;0;2026-03-27
5a21b296b5dd49d0efaa;META-800153;5;Instagram_Reels;30-39;ModeVerte_Spring_Stories;0;2026-03-17
e7c3295d939feb1e7f0f;META-800154;5;Instagram_Stories;20-29;ModeVerte_Spring_Feed;0;2026-03-06
bd677715bc8870e79a4b;META-800155;3;Instagram_Stories;50-59;ModeVerte_Spring_Feed;0;2026-03-11
d90f98d453f0af1c0106;META-800156;5;Facebook_Feed;40-49;ModeVerte_Eco_Reels;0;2026-03-09
dacc03a27475bbe071cb;META-800157;1;Instagram_Reels;50-59;ModeVerte_Spring_Feed;1;2026-03-28
805207085ba06ee0bd6f;META-800158;1;Instagram_Reels;30-39;ModeVerte_Spring_Stories;0;2026-03-12
f414d7db7a98bf7e7758;META-800159;2;Facebook_Marketplace;50-59;ModeVerte_Spring_Stories;0;2026-03-14
8ce7912d0b35e5a5a376;META-800160;1;Instagram_Reels;30-39;ModeVerte_Eco_Reels;0;2026-03-07
bad8b57b7479116d30c2;META-800161;1;Instagram_Reels;30-39;ModeVerte_Spring_Feed;0;2026-03-28
870b00bd7e86d751d6f3;META-800162;3;Facebook_Feed;30-39;ModeVerte_Spring_Stories;0;2026-03-07
6db55327cd3cc0ffc9f9;META-800163;1;Instagram_Feed;50-59;ModeVerte_Spring_Feed;0;2026-03-13
dc1e8c31c48b479ae266;META-800164;5;Facebook_Marketplace;40-49;ModeVerte_Spring_Feed;0;2026-03-25
a4eeb3469df18b5cd73c;META-800165;4;Instagram_Stories;30-39;ModeVerte_Eco_Reels;0;2026-03-18
febefd02defdddbe067a;META-800166;1;Facebook_Marketplace;20-29;ModeVerte_Spring_Stories;0;2026-03-23
0bf0c0c9593faaab35f1;META-800167;1;Instagram_Feed;50-59;ModeVerte_Spring_Stories;0;2026-03-25
e47fedbd5296543cf5fc;META-800168;2;Instagram_Feed;40-49;ModeVerte_Spring_Stories;0;2026-03-02
83a4edf0c4ea94239d2f;META-800169;4;Instagram_Reels;30-39;ModeVerte_Spring_Stories;0;2026-03-30
84cb89655b3ac12dd829;META-800170;1;Instagram_Reels;40-49;ModeVerte_Eco_Reels;0;2026-03-04
58f215318a8672ae61d3;META-800171;1;Facebook_Marketplace;20-29;ModeVerte_Spring_Feed;0;2026-03-17
24f78603f8cb2f837345;META-800172;5;Instagram_Reels;30-39;ModeVerte_Spring_Stories;0;2026-03-14
b97bcaec7516e0c1a03d;META-800173;5;Instagram_Feed;40-49;ModeVerte_Spring_Stories;0;2026-03-03
0dd48938ead28b4d0e80;META-800174;2;Instagram_Feed;30-39;ModeVerte_Eco_Reels;0;2026-03-27
ade4589ed5a7b341ebf1;META-800175;1;Instagram_Reels;30-39;ModeVerte_Spring_Feed;0;2026-03-25
5051e73ee922c99d5a97;META-800176;3;Facebook_Marketplace;65+;ModeVerte_Spring_Stories;0;2026-03-21
4bec053d3a0edd643877;META-800177;8;Instagram_Stories;30-39;ModeVerte_Spring_Stories;0;2026-03-04
95070694c83f3e5d14ca;META-800178;1;Facebook_Marketplace;65+;ModeVerte_Spring_Stories;0;2026-03-27
4ef1213a1e19e7c80d23;META-800179;3;Instagram_Feed;30-39;ModeVerte_Spring_Stories;0;2026-03-21
e1391a670c28c2ad7796;META-800180;1;Instagram_Feed;40-49;ModeVerte_Spring_Stories;0;2026-03-11
90fd8e4e9690269a977d;META-800181;2;Facebook_Marketplace;50-59;ModeVerte_Eco_Reels;0;2026-03-27
6913cff9ce44fbae8e48;META-800182;2;Instagram_Reels;50-59;ModeVerte_Spring_Feed;0;2026-03-26
8d91cb11d5720a2095b2;META-800183;3;Facebook_Feed;60-69;ModeVerte_Eco_Reels;0;2026-03-13
3f43e5643a6fc2393ba2;META-800184;1;Instagram_Feed;50-59;ModeVerte_Eco_Reels;0;2026-03-22
edd9fc1124c013e41204;META-800185;2;Facebook_Feed;50-59;ModeVerte_Spring_Stories;0;2026-03-04
53fc1bb3bf25835722ad;META-800186;1;Facebook_Marketplace;30-39;ModeVerte_Eco_Reels;0;2026-03-12
9de2418d58cb801e464c;META-800187;1;Instagram_Reels;30-39;ModeVerte_Eco_Reels;0;2026-03-26
e8e90e0702828e1c44f8;META-800188;2;Facebook_Feed;60-69;ModeVerte_Eco_Reels;0;2026-03-20
19a21abd03390957ceb6;META-800189;4;Instagram_Feed;40-49;ModeVerte_Spring_Feed;0;2026-03-05
78ab5d2296f9246da3ea;META-800190;2;Instagram_Reels;50-59;ModeVerte_Spring_Stories;0;2026-03-05
c94c41353d2c7439584d;META-800191;2;Facebook_Feed;30-39;ModeVerte_Eco_Reels;0;2026-03-12
32b27e013d967de46c8f;META-800192;3;Instagram_Stories;40-49;ModeVerte_Eco_Reels;0;2026-03-22
f78cfea72fb0f2e7bcda;META-800193;1;Facebook_Marketplace;50-59;ModeVerte_Spring_Stories;0;2026-03-25
9a011e50aa7bf716443e;META-800194;1;Facebook_Marketplace;40-49;ModeVerte_Spring_Feed;0;2026-03-22
2a2b631d2c51134b8065;META-800195;3;Facebook_Marketplace;40-49;ModeVerte_Spring_Stories;0;2026-03-03
27513864752906904e32;META-800196;4;Instagram_Reels;50-59;ModeVerte_Eco_Reels;0;2026-03-02
0a353845c6f2f17d8993;META-800197;5;Facebook_Feed;40-49;ModeVerte_Eco_Reels;0;2026-03-30
a5530761dab943ee89e6;META-800198;2;Facebook_Feed;20-29;ModeVerte_Eco_Reels;0;2026-03-21
65461230adbab64cf294;META-800199;6;Instagram_Stories;20-29;ModeVerte_Eco_Reels;0;2026-03-27
c131ed65cd299fc4b361;META-800200;1;Instagram_Reels;30-39;ModeVerte_Spring_Feed;0;2026-03-17
7f2e19b8316d6cbc6b20;META-800201;6;Instagram_Reels;30-39;ModeVerte_Eco_Reels;0;2026-03-15
716bed8fb1ebc9a8496c;META-800202;4;Instagram_Feed;30-39;ModeVerte_Spring_Stories;0;2026-03-10
5c8a56f9cb3f64e6ef2f;META-800203;5;Instagram_Stories;65+;ModeVerte_Eco_Reels;0;2026-03-04
9b82676d4f2344b7c359;META-800204;2;Facebook_Feed;30-39;ModeVerte_Eco_Reels;0;2026-03-26
1593a5d110eb89ec8c2c;META-800205;2;Facebook_Feed;60-69;ModeVerte_Spring_Stories;0;2026-03-20
e7e497c144680a6594b5;META-800206;2;Facebook_Marketplace;20-29;ModeVerte_Spring_Feed;0;2026-03-21
f71541ed0ad3dde6aab9;META-800207;3;Instagram_Stories;65+;ModeVerte_Spring_Stories;0;2026-03-17
eece00dd0b6f185cb338;META-800208;4;Instagram_Feed;65+;ModeVerte_Spring_Stories;0;2026-03-19
3f2e54369f1bc284f5bd;META-800209;3;Facebook_Marketplace;30-39;ModeVerte_Eco_Reels;0;2026-03-23
e37bbc0587c23ce64375;META-800210;2;Instagram_Stories;10-19;ModeVerte_Spring_Feed;0;2026-03-17
e1fb5c643fae96582b38;META-800211;2;Instagram_Feed;30-39;ModeVerte_Spring_Feed;0;2026-03-08
491a5f8aae8832d79bb1;META-800212;1;Facebook_Marketplace;40-49;ModeVerte_Spring_Feed;0;2026-03-04
29907a06be1feb1ccf36;META-800213;6;Facebook_Marketplace;50-59;ModeVerte_Spring_Stories;0;2026-03-30
b7b1915e252a423611d2;META-800214;2;Instagram_Stories;40-49;ModeVerte_Spring_Stories;0;2026-03-01
6d46a888c16e4a583ae7;META-800215;3;Instagram_Stories;30-39;ModeVerte_Spring_Stories;0;2026-03-09
6d1093117e5733fcea74;META-800216;4;Instagram_Feed;30-39;ModeVerte_Spring_Stories;0;2026-03-10
7679e523ed9d28e15b18;META-800217;2;Instagram_Stories;65+;ModeVerte_Spring_Feed;0;2026-03-25
b42f0786c9e71f609d9c;META-800218;1;Instagram_Reels;40-49;ModeVerte_Spring_Feed;0;2026-03-12
33f6967f0d811c091e6b;META-800219;1;Instagram_Feed;30-39;ModeVerte_Eco_Reels;0;2026-03-21
ea0352351e1666b886b6;META-800220;1;Instagram_Reels;20-29;ModeVerte_Eco_Reels;0;2026-03-01
34ae67e2a3a605443bbc;META-800221;2;Facebook_Feed;30-39;ModeVerte_Spring_Stories;0;2026-03-12
75bc86fe1a65e06a4c65;META-800222;2;Facebook_Marketplace;30-39;ModeVerte_Spring_Stories;0;2026-03-02
90335404a7910d4d4519;META-800223;2;Instagram_Reels;40-49;ModeVerte_Spring_Stories;0;2026-03-17
fa92990221b47b786527;META-800224;3;Instagram_Feed;20-29;ModeVerte_Spring_Feed;0;2026-03-04
a68b5c090a5799829cc0;META-800225;1;Facebook_Marketplace;30-39;ModeVerte_Spring_Feed;0;2026-03-25
de4d86793a41c3771953;META-800226;3;Facebook_Marketplace;50-59;ModeVerte_Eco_Reels;0;2026-03-06
25db70871764b10736ca;META-800227;4;Instagram_Stories;30-39;ModeVerte_Spring_Feed;0;2026-03-12
eed7be01bb91d61d36e5;META-800228;6;Facebook_Marketplace;50-59;ModeVerte_Spring_Feed;0;2026-03-18
d22eb7bff98000a801d9;META-800229;1;Instagram_Feed;40-49;ModeVerte_Spring_Stories;0;2026-03-29
5e12f1551d0dd11edfa0;META-800230;2;Instagram_Reels;30-39;ModeVerte_Eco_Reels;0;2026-03-14
031d9749e8cde2f737a4;META-800231;2;Facebook_Feed;10-19;ModeVerte_Spring_Stories;0;2026-03-26
80a2cdafe5a3f5459dc7;META-800232;3;Facebook_Marketplace;30-39;ModeVerte_Spring_Feed;0;2026-03-21
ecdda79d11c6f12e983f;META-800233;1;Instagram_Reels;30-39;ModeVerte_Spring_Feed;0;2026-03-28
13ce3eeac84bf73bd4e9;META-800234;3;Facebook_Feed;20-29;ModeVerte_Spring_Feed;0;2026-03-21
e8e871fb07aab450ef63;META-800235;3;Instagram_Feed;30-39;ModeVerte_Spring_Stories;0;2026-03-26
2fb8abeec1cf9719e495;META-800236;2;Facebook_Feed;30-39;ModeVerte_Spring_Feed;0;2026-03-22
e1a3a737b0d7051829e1;META-800237;2;Instagram_Feed;50-59;ModeVerte_Spring_Stories;0;2026-03-29
a85cbedb5e42456ab853;META-800238;4;Instagram_Stories;40-49;ModeVerte_Eco_Reels;0;2026-03-13
2f426bd6f47c90214670;META-800239;2;Facebook_Marketplace;40-49;ModeVerte_Eco_Reels;0;2026-03-01
a6d2b01d21d53344d80e;META-800240;2;Instagram_Stories;30-39;ModeVerte_Eco_Reels;0;2026-03-16
3285fde76158bd9e9884;META-800241;1;Facebook_Marketplace;65+;ModeVerte_Eco_Reels;0;2026-03-01
079c222d7686c59760bb;META-800242;4;Facebook_Marketplace;20-29;ModeVerte_Eco_Reels;0;2026-03-20
caaa50ff58ed8d0f34ba;META-800243;3;Facebook_Feed;10-19;ModeVerte_Spring_Stories;0;2026-03-28
ef6e83d221f5a2da80ac;META-800244;1;Facebook_Marketplace;50-59;ModeVerte_Spring_Stories;0;2026-03-25
fdc2ae620b6c100dc9b6;META-800245;4;Facebook_Feed;30-39;ModeVerte_Eco_Reels;0;2026-03-05
105228508e402b01778f;META-800246;2;Instagram_Stories;30-39;ModeVerte_Spring_Feed;0;2026-03-11
d9f52d35c77089e58c8b;META-800247;3;Facebook_Marketplace;30-39;ModeVerte_Spring_Feed;0;2026-03-15
8d59f91ae552e86b249a;META-800248;6;Instagram_Feed;20-29;ModeVerte_Spring_Stories;0;2026-03-18
81ea4a098560ca896fa1;META-800249;1;Instagram_Reels;60-69;ModeVerte_Spring_Feed;0;2026-03-02
9c43841a42f388e97793;META-800250;2;Facebook_Marketplace;20-29;ModeVerte_Eco_Reels;0;2026-03-01
001629afe5d1b11252ea;META-800251;5;Facebook_Marketplace;30-39;ModeVerte_Spring_Feed;1;2026-03-17
41e50300207828907d6e;META-800252;1;Facebook_Feed;40-49;ModeVerte_Spring_Feed;0;2026-03-11
1f36a1551c5f9d1238a8;META-800253;1;Instagram_Reels;40-49;ModeVerte_Eco_Reels;0;2026-03-28
29f16fa39ee48c20972b;META-800254;3;Instagram_Feed;20-29;ModeVerte_Spring_Feed;1;2026-03-02
af9e39f40c6c5a192ca0;META-800255;1;Facebook_Marketplace;40-49;ModeVerte_Spring_Stories;0;2026-03-03
c6ff545183c04f9d107c;META-800256;1;Instagram_Feed;40-49;ModeVerte_Eco_Reels;0;2026-03-07
84c6232a5bb97835c2c7;META-800257;2;Instagram_Reels;20-29;ModeVerte_Spring_Feed;0;2026-03-06
2e95e0944ab589663e97;META-800258;1;Facebook_Feed;40-49;ModeVerte_Eco_Reels;0;2026-03-19
6d1a75b1aa7158661be0;META-800259;1;Instagram_Feed;40-49;ModeVerte_Eco_Reels;0;2026-03-15
71b99ae80cf4b83cd6c0;META-800260;3;Facebook_Marketplace;40-49;ModeVerte_Spring_Feed;0;2026-03-10
1c09cdbc745a1f598d55;META-800261;2;Instagram_Stories;30-39;ModeVerte_Spring_Feed;0;2026-03-18
a8686b49d65b94d9b5f6;META-800262;1;Instagram_Reels;30-39;ModeVerte_Eco_Reels;0;2026-03-07
dbb61129818ad42d276a;META-800263;5;Facebook_Marketplace;40-49;ModeVerte_Eco_Reels;0;2026-03-16
682bf76ffbfcaf1588b5;META-800264;3;Instagram_Stories;50-59;ModeVerte_Spring_Feed;0;2026-03-20
1f7d2454e1ea88420fa4;META-800265;1;Instagram_Feed;50-59;ModeVerte_Spring_Stories;0;2026-03-08
f2580e885bce4b13876e;META-800266;3;Instagram_Stories;60-69;ModeVerte_Spring_Feed;0;2026-03-15
8d96786dbdabcde77d80;META-800267;3;Instagram_Stories;40-49;ModeVerte_Eco_Reels;0;2026-03-13
a476688783de80bf28eb;META-800268;3;Facebook_Marketplace;50-59;ModeVerte_Spring_Stories;0;2026-03-04
88de32275ee413e6db59;META-800269;3;Instagram_Stories;30-39;ModeVerte_Eco_Reels;0;2026-03-11
3fcb6413ab6c9a5f14bc;META-800270;1;Instagram_Feed;40-49;ModeVerte_Spring_Stories;0;2026-03-19
97b9c8419b0782a01ed9;META-800271;4;Facebook_Marketplace;20-29;ModeVerte_Spring_Feed;0;2026-03-22
d5622b1302875f48038a;META-800272;5;Facebook_Marketplace;40-49;ModeVerte_Spring_Feed;0;2026-03-10
67a24292038af3a10fe6;META-800273;3;Instagram_Feed;50-59;ModeVerte_Spring_Feed;0;2026-03-21
96e4d0595c456e50cdb6;META-800274;3;Facebook_Marketplace;65+;ModeVerte_Eco_Reels;0;2026-03-20
808f7b99086c5eed0d1c;META-800275;1;Instagram_Stories;40-49;ModeVerte_Spring_Stories;0;2026-03-28
059e011cf78926ff6208;META-800276;1;Facebook_Feed;40-49;ModeVerte_Eco_Reels;0;2026-03-18
53b9f951786c46a9b284;META-800277;2;Instagram_Feed;65+;ModeVerte_Spring_Stories;0;2026-03-17
31d0fd6e7dfb675f5214;META-800278;3;Facebook_Marketplace;30-39;ModeVerte_Spring_Stories;0;2026-03-24
3bb25abeb82147e96eea;META-800279;1;Facebook_Feed;40-49;ModeVerte_Spring_Feed;0;2026-03-19
6d289dff2160be927ed7;META-800280;3;Facebook_Marketplace;40-49;ModeVerte_Spring_Stories;0;2026-03-13
cfa3d2c79e6a642c69f7;META-800281;5;Instagram_Reels;20-29;ModeVerte_Spring_Feed;0;2026-03-22
36aac0af242076fedd82;META-800282;5;Facebook_Marketplace;40-49;ModeVerte_Eco_Reels;0;2026-03-21
f6ff0916e62564769a8f;META-800283;2;Facebook_Feed;20-29;ModeVerte_Eco_Reels;0;2026-03-03
d0e19d9b2dd9b396853c;META-800284;2;Instagram_Feed;30-39;ModeVerte_Eco_Reels;0;2026-03-25
71bbfdfb1cec8465bdc0;META-800285;2;Instagram_Stories;40-49;ModeVerte_Spring_Feed;0;2026-03-22
2c925dae3678f22f1c13;META-800286;3;Instagram_Stories;40-49;ModeVerte_Eco_Reels;0;2026-03-12
fa02c4ac59218fd4f8a0;META-800287;5;Instagram_Reels;50-59;ModeVerte_Spring_Feed;0;2026-03-17
d0bffeca3caa6baf95fa;META-800288;3;Instagram_Reels;20-29;ModeVerte_Eco_Reels;0;2026-03-27
9083e632f9989b0476e2;META-800289;1;Instagram_Stories;20-29;ModeVerte_Eco_Reels;0;2026-03-23
ad23a2be60adc09dc723;META-800290;1;Instagram_Feed;30-39;ModeVerte_Spring_Feed;0;2026-03-13
cb53c2bab2fae85b9b21;META-800291;1;Facebook_Marketplace;40-49;ModeVerte_Eco_Reels;0;2026-03-21
619c7cc96f8fb29521ac;META-800292;2;Facebook_Feed;20-29;ModeVerte_Spring_Feed;0;2026-03-01
9c804382b6b611434863;META-800293;2;Facebook_Marketplace;40-49;ModeVerte_Spring_Feed;0;2026-03-23
6630ce98463a35c234c0;META-800294;3;Instagram_Feed;20-29;ModeVerte_Eco_Reels;0;2026-03-10
673c79736932538a8bca;META-800295;2;Facebook_Marketplace;40-49;ModeVerte_Spring_Stories;0;2026-03-12
23ca0c5e2a873a9dfcf3;META-800296;5;Instagram_Stories;10-19;ModeVerte_Spring_Stories;0;2026-03-18
00a1c9e7b5cb40feaa6f;META-800297;2;Instagram_Feed;30-39;ModeVerte_Spring_Feed;0;2026-03-29
7f88d6bbabb1fa4adfb6;META-800298;3;Instagram_Stories;40-49;ModeVerte_Spring_Feed;0;2026-03-15
a1786ffece2ca580e81c;META-800299;3;Facebook_Marketplace;30-39;ModeVerte_Eco_Reels;0;2026-03-04
e21a025fc10fc2bea0e7;META-800300;4;Instagram_Reels;65+;ModeVerte_Spring_Stories;0;2026-03-08
6d5c417323422ed71c0f;META-800301;2;Facebook_Feed;65+;ModeVerte_Spring_Feed;0;2026-03-17
a49ccc48d067091b9a0f;META-800302;5;Instagram_Feed;20-29;ModeVerte_Eco_Reels;0;2026-03-02
0e3c11050ca7aa63c32d;META-800303;1;Instagram_Stories;40-49;ModeVerte_Eco_Reels;0;2026-03-25
79b86eaa511cedf3e354;META-800304;2;Instagram_Feed;65+;ModeVerte_Spring_Stories;0;2026-03-07
63b9c85668ea8ef5ce87;META-800305;4;Instagram_Feed;50-59;ModeVerte_Eco_Reels;0;2026-03-30
ebf6f34a2d2e98d7ff39;META-800306;2;Instagram_Reels;30-39;ModeVerte_Eco_Reels;0;2026-03-12
4b6848bd3476676f63f0;META-800307;1;Facebook_Marketplace;40-49;ModeVerte_Eco_Reels;0;2026-03-14
46232a84cfce03d768f5;META-800308;2;Facebook_Marketplace;30-39;ModeVerte_Spring_Feed;0;2026-03-12
2c6673e825a30dc081b5;META-800309;2;Instagram_Reels;20-29;ModeVerte_Eco_Reels;0;2026-03-09
7a477655edfe3924d092;META-800310;1;Instagram_Reels;10-19;ModeVerte_Eco_Reels;0;2026-03-10
fefa49043124d726d455;META-800311;1;Facebook_Feed;40-49;ModeVerte_Spring_Feed;0;2026-03-02
ccca2216b0ca95bf23a7;META-800312;1;Instagram_Stories;30-39;ModeVerte_Spring_Feed;0;2026-03-11
7af6da7d95d20b2ae25d;META-800313;2;Facebook_Marketplace;40-49;ModeVerte_Spring_Feed;0;2026-03-12
ed68fc1aac88763a17e8;META-800314;3;Facebook_Marketplace;60-69;ModeVerte_Spring_Stories;0;2026-03-10
cad1da66d628ad64ed3a;META-800315;2;Facebook_Feed;40-49;ModeVerte_Eco_Reels;0;2026-03-23
66939af8e6254f07424b;META-800316;1;Instagram_Reels;20-29;ModeVerte_Spring_Feed;0;2026-03-07
9496cd6063bc91829238;META-800317;2;Instagram_Stories;40-49;ModeVerte_Spring_Feed;0;2026-03-21
c3923e0afc5129f6529a;META-800318;3;Facebook_Marketplace;50-59;ModeVerte_Eco_Reels;0;2026-03-13
67f01ea93f6188877769;META-800319;3;Instagram_Reels;65+;ModeVerte_Spring_Stories;0;2026-03-28
8989a07e420d1ecda693;META-800320;2;Facebook_Marketplace;20-29;ModeVerte_Spring_Feed;0;2026-03-09
c1c4c4a8532af8cc3486;META-800321;3;Facebook_Feed;20-29;ModeVerte_Spring_Feed;0;2026-03-22
d3b95ee1406f5cac5770;META-800322;6;Instagram_Feed;50-59;ModeVerte_Spring_Feed;0;2026-03-10
f728c09fe591c430bf66;META-800323;3;Instagram_Reels;40-49;ModeVerte_Spring_Feed;0;2026-03-24
154bfbe081b9130413cc;META-800324;1;Facebook_Feed;60-69;ModeVerte_Eco_Reels;0;2026-03-23
49d9a4b24c9921a12fa2;META-800325;4;Instagram_Reels;50-59;ModeVerte_Spring_Feed;0;2026-03-10
ea3c932bbed08c9beabf;META-800326;5;Facebook_Marketplace;20-29;ModeVerte_Spring_Feed;0;2026-03-20
394c73c75cbe314b3692;META-800327;3;Facebook_Marketplace;30-39;ModeVerte_Spring_Stories;0;2026-03-05
cc8556f528ed3f8bbef9;META-800328;1;Instagram_Reels;50-59;ModeVerte_Spring_Stories;0;2026-03-19
b13202c19dd157464228;META-800329;8;Instagram_Feed;30-39;ModeVerte_Spring_Stories;0;2026-03-21
4e18691f021729e025f1;META-800330;2;Facebook_Marketplace;20-29;ModeVerte_Eco_Reels;0;2026-03-18
8dde6d06841848498464;META-800331;3;Facebook_Feed;50-59;ModeVerte_Eco_Reels;0;2026-03-13
02bc976e57f16b1d4604;META-800332;4;Facebook_Marketplace;40-49;ModeVerte_Spring_Stories;0;2026-03-22
ade4e95c7b2fd130a456;META-800333;2;Instagram_Stories;50-59;ModeVerte_Eco_Reels;0;2026-03-17
78db25276bc7002e630c;META-800334;2;Facebook_Feed;65+;ModeVerte_Eco_Reels;0;2026-03-26
3fd2b70d7336662131c7;META-800335;2;Facebook_Feed;20-29;ModeVerte_Eco_Reels;0;2026-03-29
7d6eb8271c5bd27c0617;META-800336;3;Facebook_Feed;20-29;ModeVerte_Spring_Feed;0;2026-03-21
8750c8d2335b86ee4d3f;META-800337;1;Facebook_Feed;40-49;ModeVerte_Spring_Stories;0;2026-03-05
0286d8c35e3d3648c691;META-800338;2;Instagram_Reels;50-59;ModeVerte_Spring_Feed;0;2026-03-10
5972c8e01ef031713581;META-800339;3;Facebook_Marketplace;30-39;ModeVerte_Spring_Stories;0;2026-03-25
ef55120fd1ef4f33ca6e;META-800340;3;Facebook_Marketplace;40-49;ModeVerte_Spring_Stories;0;2026-03-25
90aa53807ebf51b5af6b;META-800341;2;Facebook_Marketplace;40-49;ModeVerte_Spring_Feed;0;2026-03-28
80520bdf4c741a49390c;META-800342;2;Facebook_Feed;50-59;ModeVerte_Spring_Feed;0;2026-03-08
707604182ef211cc585a;META-800343;1;Instagram_Feed;30-39;ModeVerte_Eco_Reels;0;2026-03-04
b5f8bcfc016f8e20f79f;META-800344;1;Facebook_Marketplace;40-49;ModeVerte_Spring_Stories;0;2026-03-30
de31e028cdfa1fdd470c;META-800345;4;Instagram_Stories;30-39;ModeVerte_Eco_Reels;0;2026-03-11
e2108ae5942bbdbaaa52;META-800346;1;Instagram_Stories;40-49;ModeVerte_Eco_Reels;0;2026-03-23
8a89c5a8fe46b2698741;META-800347;4;Instagram_Stories;40-49;ModeVerte_Spring_Stories;0;2026-03-12
1ff1875caf195bfab77c;META-800348;1;Facebook_Feed;65+;ModeVerte_Spring_Stories;0;2026-03-25
c6becc21038e7c2c477c;META-800349;4;Instagram_Reels;30-39;ModeVerte_Spring_Feed;0;2026-03-09
fe1696d88e9e09af05c1;META-800350;5;Instagram_Stories;50-59;ModeVerte_Spring_Feed;0;2026-03-20
ddcf02d7dca831a52b63;META-800351;2;Instagram_Feed;20-29;ModeVerte_Eco_Reels;0;2026-03-16
ecaa552a4e72d1d08d7a;META-800352;1;Instagram_Reels;20-29;ModeVerte_Eco_Reels;0;2026-03-09
7af6a50541bd6f1bbf13;META-800353;1;Facebook_Marketplace;30-39;ModeVerte_Spring_Feed;0;2026-03-24
fc861e5b4bd31fe938d7;META-800354;2;Instagram_Reels;30-39;ModeVerte_Spring_Feed;0;2026-03-13
767da7f41b53e550c280;META-800355;1;Instagram_Feed;40-49;ModeVerte_Eco_Reels;0;2026-03-09
5154c94b3bfd2de95e0b;META-800356;1;Instagram_Reels;65+;ModeVerte_Spring_Feed;0;2026-03-07
9138ef7701a12edd9a32;META-800357;2;Facebook_Feed;30-39;ModeVerte_Spring_Stories;0;2026-03-23
880f200296135878f62c;META-800358;3;Facebook_Marketplace;20-29;ModeVerte_Spring_Stories;0;2026-03-22
82fcbe0c3c13a9592d77;META-800359;1;Instagram_Feed;40-49;ModeVerte_Spring_Stories;0;2026-03-04
7fc11f637d5b9406fb7e;META-800360;5;Instagram_Stories;30-39;ModeVerte_Eco_Reels;0;2026-03-22
48e958bbda2ee9de0c04;META-800361;1;Instagram_Stories;40-49;ModeVerte_Spring_Feed;0;2026-03-28
2bedfd80b3d00b74232e;META-800362;3;Instagram_Reels;50-59;ModeVerte_Eco_Reels;0;2026-03-30
1a165a99a277c5a28213;META-800363;1;Instagram_Stories;40-49;ModeVerte_Spring_Stories;0;2026-03-18
816459b2246583ec5ee2;META-800364;1;Instagram_Feed;40-49;ModeVerte_Eco_Reels;0;2026-03-27
6138513128289ea65ad4;META-800365;2;Instagram_Reels;10-19;ModeVerte_Spring_Feed;0;2026-03-05
cc3157b7a22426ee0211;META-800366;5;Instagram_Stories;20-29;ModeVerte_Spring_Feed;0;2026-03-26
67212de82fae7a4a1620;META-800367;2;Facebook_Feed;65+;ModeVerte_Spring_Feed;0;2026-03-04
aed87c8ab97a60e511a1;META-800368;1;Instagram_Stories;65+;ModeVerte_Eco_Reels;0;2026-03-21
e4b3f0fd2bb74153db0f;META-800369;1;Instagram_Stories;65+;ModeVerte_Eco_Reels;0;2026-03-28
d88ba75d55ff6c709612;META-800370;1;Facebook_Marketplace;60-69;ModeVerte_Spring_Feed;0;2026-03-16
69542dc3c15334a47b9d;META-800371;2;Instagram_Feed;20-29;ModeVerte_Spring_Stories;0;2026-03-08
090ca0da48d51b4991c1;META-800372;2;Instagram_Feed;30-39;ModeVerte_Spring_Stories;0;2026-03-17
38c31fe8f6ca8e988be3;META-800373;1;Instagram_Feed;50-59;ModeVerte_Spring_Stories;0;2026-03-18
14055b51a28c54a07ee0;META-800374;3;Instagram_Reels;30-39;ModeVerte_Eco_Reels;0;2026-03-10
3ddd6f544d6bece12acf;META-800375;3;Facebook_Feed;20-29;ModeVerte_Spring_Stories;0;2026-03-02
cb105505094c1ecd8e92;META-800376;2;Instagram_Feed;10-19;ModeVerte_Spring_Feed;0;2026-03-27
7d25c4bd32e564a2ee4a;META-800377;1;Facebook_Marketplace;40-49;ModeVerte_Spring_Feed;0;2026-03-24
efb71d9c840b06c40cca;META-800378;2;Facebook_Marketplace;65+;ModeVerte_Spring_Stories;1;2026-03-22
5c28af4ab44d6bcf1290;META-800379;1;Instagram_Stories;30-39;ModeVerte_Spring_Feed;0;2026-03-01
aaba60fa30f376d2f6d5;META-800380;2;Instagram_Stories;50-59;ModeVerte_Eco_Reels;0;2026-03-14
12a98bd08c21a8a9eac5;META-800381;2;Instagram_Stories;30-39;ModeVerte_Eco_Reels;0;2026-03-17
358e3aa3095447a48900;META-800382;3;Facebook_Feed;30-39;ModeVerte_Spring_Stories;0;2026-03-21
b671148e649f170d020d;META-800383;6;Facebook_Marketplace;50-59;ModeVerte_Eco_Reels;0;2026-03-16
e607bec1745a41194e55;META-800384;1;Instagram_Feed;30-39;ModeVerte_Spring_Stories;0;2026-03-06
a5135ec119a147703870;META-800385;1;Facebook_Feed;65+;ModeVerte_Spring_Stories;0;2026-03-02
d34a7534df2e44b54a2c;META-800386;1;Facebook_Feed;65+;ModeVerte_Spring_Feed;0;2026-03-28
18df77509290b0fea449;META-800387;5;Instagram_Reels;20-29;ModeVerte_Spring_Feed;0;2026-03-27
f0ab76bdb3dc8fed852d;META-800388;1;Instagram_Feed;20-29;ModeVerte_Eco_Reels;0;2026-03-11
20d524aa7ad0b4900468;META-800389;3;Facebook_Feed;30-39;ModeVerte_Spring_Stories;0;2026-03-28
246523bc41f2af352c04;META-800390;1;Facebook_Feed;30-39;ModeVerte_Spring_Feed;0;2026-03-27
412b59c8f0e4a01ea98f;META-800391;1;Instagram_Feed;20-29;ModeVerte_Spring_Feed;0;2026-03-07
b19f0223ea3887d9e701;META-800392;3;Facebook_Feed;20-29;ModeVerte_Spring_Feed;0;2026-03-09
6fb1d640515dd8928ba8;META-800393;1;Instagram_Stories;30-39;ModeVerte_Spring_Stories;0;2026-03-30
65e5ecf4f9929123a22c;META-800394;1;Facebook_Marketplace;50-59;ModeVerte_Spring_Feed;0;2026-03-05
d66e6535da1d7acf7609;META-800395;1;Instagram_Feed;50-59;ModeVerte_Spring_Feed;0;2026-03-23
e7fe7029f9eef42b598a;META-800396;1;Facebook_Feed;40-49;ModeVerte_Spring_Feed;0;2026-03-04
3bf53f1e747fdd30658c;META-800397;3;Facebook_Marketplace;30-39;ModeVerte_Eco_Reels;0;2026-03-06
3a5d5742baa40da809fe;META-800398;1;Instagram_Feed;40-49;ModeVerte_Spring_Feed;0;2026-03-11
2b9018f8dee60b2473d5;META-800399;5;Facebook_Marketplace;40-49;ModeVerte_Eco_Reels;0;2026-03-04
6f8dced122f50b0d0bd3;META-800400;2;Instagram_Feed;40-49;ModeVerte_Spring_Stories;0;2026-03-20
0c00bbf9cce8197d45aa;META-800401;1;Instagram_Reels;60-69;ModeVerte_Spring_Feed;0;2026-03-14
fbe185ff41c1f79c1fb8;META-800402;5;Facebook_Marketplace;40-49;ModeVerte_Spring_Stories;0;2026-03-09
dd336dec83a6f100310d;META-800403;4;Instagram_Stories;40-49;ModeVerte_Eco_Reels;0;2026-03-02
5e3097da47a66914400b;META-800404;5;Facebook_Marketplace;65+;ModeVerte_Spring_Stories;0;2026-03-28
bf3467fdb2b989eeacdd;META-800405;6;Instagram_Feed;50-59;ModeVerte_Spring_Feed;0;2026-03-13
a5fcbc1e63f35d2ed957;META-800406;1;Instagram_Feed;40-49;ModeVerte_Eco_Reels;0;2026-03-01
d0dfe1427092173ca39e;META-800407;3;Instagram_Reels;20-29;ModeVerte_Spring_Feed;0;2026-03-08
50f508a5c4a8c0e7dc22;META-800408;1;Instagram_Feed;40-49;ModeVerte_Spring_Feed;0;2026-03-30
df33e340951b49a33a8b;META-800409;2;Instagram_Reels;10-19;ModeVerte_Eco_Reels;0;2026-03-27
2518a548a5572a54e315;META-800410;1;Instagram_Feed;50-59;ModeVerte_Spring_Feed;0;2026-03-14
249f1542c5b27a71d835;META-800411;2;Facebook_Marketplace;30-39;ModeVerte_Eco_Reels;0;2026-03-22
f421570975f7f50ae41f;META-800412;4;Instagram_Reels;30-39;ModeVerte_Eco_Reels;0;2026-03-07
619ee79a226f309bd1d2;META-800413;1;Instagram_Stories;50-59;ModeVerte_Eco_Reels;0;2026-03-07
d9977548620328b3c694;META-800414;1;Instagram_Feed;40-49;ModeVerte_Spring_Feed;0;2026-03-20
25861e28f604ab861a1a;META-800415;8;Facebook_Marketplace;40-49;ModeVerte_Spring_Feed;0;2026-03-28
5e948310dbd48d228c53;META-800416;4;Facebook_Feed;30-39;ModeVerte_Eco_Reels;0;2026-03-07
7577a757fae709641889;META-800417;2;Instagram_Feed;30-39;ModeVerte_Spring_Stories;0;2026-03-07
baf9d1a6c242af5e3492;META-800418;1;Instagram_Feed;20-29;ModeVerte_Eco_Reels;0;2026-03-16
6a2d0ccc44fc658d5ed0;META-800419;3;Instagram_Stories;20-29;ModeVerte_Spring_Feed;0;2026-03-30
9865aff4ace7794b000f;META-800420;4;Instagram_Stories;30-39;ModeVerte_Spring_Feed;0;2026-03-10
24e64d67f3d77aa82088;META-800421;2;Instagram_Feed;40-49;ModeVerte_Eco_Reels;0;2026-03-06
8bdf99383bbeb1825b60;META-800422;1;Instagram_Stories;30-39;ModeVerte_Spring_Stories;0;2026-03-13
7130c84dfda535d8d1fd;META-800423;3;Facebook_Marketplace;60-69;ModeVerte_Eco_Reels;0;2026-03-08
34be8c7bf9fa857df075;META-800424;5;Instagram_Stories;40-49;ModeVerte_Spring_Stories;0;2026-03-02
dbb1e28e9aaaffd2c91c;META-800425;1;Facebook_Marketplace;30-39;ModeVerte_Spring_Feed;0;2026-03-23
1897a5d888793331df94;META-800426;6;Instagram_Stories;40-49;ModeVerte_Spring_Stories;0;2026-03-04
dc86efe3188bf58fe976;META-800427;5;Facebook_Marketplace;30-39;ModeVerte_Eco_Reels;0;2026-03-27
1ce91fc86d4ca2dbb538;META-800428;5;Instagram_Feed;50-59;ModeVerte_Eco_Reels;0;2026-03-23
d31602890fbbab2e2df2;META-800429;3;Facebook_Marketplace;20-29;ModeVerte_Eco_Reels;0;2026-03-12
e3afc61151574dd1131e;META-800430;5;Facebook_Marketplace;65+;ModeVerte_Spring_Stories;0;2026-03-01
a5c227149f0310b0d687;META-800431;1;Instagram_Stories;65+;ModeVerte_Eco_Reels;0;2026-03-11
3c6e58ffeac83d346cf6;META-800432;3;Facebook_Feed;20-29;ModeVerte_Eco_Reels;0;2026-03-17
8eb9985357906b5bdd24;META-800433;2;Instagram_Reels;40-49;ModeVerte_Spring_Feed;0;2026-03-05
eb28e467e3bac6f8c6cf;META-800434;4;Instagram_Feed;40-49;ModeVerte_Spring_Feed;0;2026-03-01
a95e206053b8ae5e8010;META-800435;3;Facebook_Feed;65+;ModeVerte_Spring_Stories;0;2026-03-18
ef31938be792a85a0754;META-800436;2;Instagram_Stories;65+;ModeVerte_Eco_Reels;0;2026-03-13
1ec65689672b5517b4f2;META-800437;2;Instagram_Stories;30-39;ModeVerte_Eco_Reels;0;2026-03-06
a9b3838e610257725db0;META-800438;1;Instagram_Feed;40-49;ModeVerte_Spring_Stories;0;2026-03-24
aa80a4253fe837e4099a;META-800439;2;Instagram_Stories;30-39;ModeVerte_Eco_Reels;0;2026-03-02
c1eea35b46b1294f14ff;META-800440;2;Instagram_Feed;40-49;ModeVerte_Spring_Feed;0;2026-03-22
ce0170d4a68996001853;META-800441;6;Facebook_Feed;20-29;ModeVerte_Spring_Feed;0;2026-03-24
d3ee3aadafeb91b00162;META-800442;1;Instagram_Stories;40-49;ModeVerte_Eco_Reels;0;2026-03-26
537e203936ee8a005ad5;META-800443;1;Facebook_Feed;30-39;ModeVerte_Spring_Feed;0;2026-03-26
7f7aa39cdf3d740e72ea;META-800444;1;Instagram_Stories;40-49;ModeVerte_Eco_Reels;0;2026-03-12
dfe4efb8c0b51fb10cbd;META-800445;3;Facebook_Feed;40-49;ModeVerte_Spring_Stories;0;2026-03-05
48155ac11d876fef460e;META-800446;2;Facebook_Marketplace;30-39;ModeVerte_Eco_Reels;0;2026-03-01
288d71daca0e53490f9a;META-800447;5;Facebook_Feed;65+;ModeVerte_Spring_Stories;0;2026-03-24
ac3c6d43958703a399de;META-800448;2;Facebook_Feed;20-29;ModeVerte_Spring_Feed;0;2026-03-08
cd3bb7690b946cf470c2;META-800449;1;Instagram_Stories;65+;ModeVerte_Spring_Stories;0;2026-03-27
486b6a18aac0adf01520;META-800450;8;Instagram_Feed;20-29;ModeVerte_Spring_Stories;0;2026-03-01
2513d6700fd6ef5d31df;META-800451;5;Instagram_Feed;30-39;ModeVerte_Spring_Stories;0;2026-03-05
d5d26d682583fa7185a5;META-800452;2;Instagram_Feed;10-19;ModeVerte_Spring_Feed;0;2026-03-10
4df88b6ce1d324fe85e5;META-800453;5;Instagram_Feed;20-29;ModeVerte_Spring_Feed;0;2026-03-16
ee3152f0e03e683580f5;META-800454;5;Instagram_Stories;30-39;ModeVerte_Spring_Feed;0;2026-03-07
6a96d5d901971d52646a;META-800455;1;Instagram_Reels;40-49;ModeVerte_Spring_Feed;0;2026-03-18
982c825ea050c9636908;META-800456;1;Instagram_Stories;65+;ModeVerte_Eco_Reels;0;2026-03-08
3d2ef6018cd584024103;META-800457;1;Instagram_Feed;10-19;ModeVerte_Spring_Stories;0;2026-03-06
2e4a42fcbf5b885ca8a3;META-800458;5;Instagram_Reels;30-39;ModeVerte_Eco_Reels;0;2026-03-09
918c9b81b514beea2aa2;META-800459;2;Instagram_Reels;30-39;ModeVerte_Spring_Stories;0;2026-03-02
12c2850058d20200cb38;META-800460;3;Instagram_Reels;65+;ModeVerte_Spring_Stories;0;2026-03-10
58489e2e55e1357e8831;META-800461;2;Instagram_Feed;50-59;ModeVerte_Spring_Stories;0;2026-03-02
f46ebc7bf8848310d75d;META-800462;4;Instagram_Reels;30-39;ModeVerte_Spring_Feed;0;2026-03-17
90b712ec9e52fa77e0dd;META-800463;4;Facebook_Feed;40-49;ModeVerte_Spring_Feed;0;2026-03-04
a01f885f14e4e66e5813;META-800464;5;Instagram_Stories;40-49;ModeVerte_Spring_Feed;0;2026-03-17
0358a7f7b6f975fe66e5;META-800465;3;Instagram_Stories;30-39;ModeVerte_Spring_Feed;0;2026-03-05
f7a80aec65d9fec7044e;META-800466;3;Instagram_Stories;30-39;ModeVerte_Eco_Reels;0;2026-03-23
d09261709a15f3ec5951;META-800467;1;Instagram_Stories;65+;ModeVerte_Spring_Feed;0;2026-03-19
9975c31b8dccaf9a7d41;META-800468;3;Facebook_Feed;40-49;ModeVerte_Spring_Feed;0;2026-03-15
bc40b91c420dd7f1f34e;META-800469;4;Instagram_Stories;60-69;ModeVerte_Eco_Reels;0;2026-03-30
b77d8e2dfd7556aca438;META-800470;1;Facebook_Marketplace;40-49;ModeVerte_Spring_Feed;0;2026-03-20
b7b691322c0d7f29e787;META-800471;6;Instagram_Stories;30-39;ModeVerte_Spring_Stories;0;2026-03-02
f8cc785399ee9b8ea668;META-800472;1;Instagram_Reels;50-59;ModeVerte_Eco_Reels;0;2026-03-02
7251ecb9adbf8a6ffe9f;META-800473;4;Instagram_Feed;65+;ModeVerte_Spring_Feed;0;2026-03-03
d6c3bd314713a7f243ac;META-800474;2;Facebook_Feed;40-49;ModeVerte_Spring_Feed;0;2026-03-07
6ca3216491ed4c096f78;META-800475;3;Instagram_Reels;40-49;ModeVerte_Spring_Stories;0;2026-03-18
9e88bb21ca84c14928e4;META-800476;2;Instagram_Reels;20-29;ModeVerte_Spring_Stories;0;2026-03-15
456fccf77d997218d561;META-800477;1;Instagram_Stories;65+;ModeVerte_Spring_Feed;0;2026-03-17
b3aea791a56e75d1c65e;META-800478;1;Instagram_Reels;40-49;ModeVerte_Eco_Reels;0;2026-03-01
01781ff92d1a2384e430;META-800479;1;Instagram_Feed;30-39;ModeVerte_Spring_Stories;0;2026-03-30
b2425edb4e875834744f;META-800480;4;Facebook_Feed;50-59;ModeVerte_Spring_Feed;0;2026-03-11
e2cc5688bd8546940502;META-800481;1;Instagram_Stories;30-39;ModeVerte_Spring_Feed;0;2026-03-04
acd461d994d306ff1298;META-800482;4;Instagram_Feed;30-39;ModeVerte_Eco_Reels;0;2026-03-28
35a7cb5de5007fafb6a7;META-800483;1;Instagram_Feed;20-29;ModeVerte_Spring_Stories;0;2026-03-25
ab995e20963941604736;META-800484;1;Facebook_Feed;40-49;ModeVerte_Spring_Feed;0;2026-03-13
9b0ac6e109c2e62d0d18;META-800485;2;Instagram_Stories;20-29;ModeVerte_Eco_Reels;0;2026-03-01
2b790f1ed77e91cbe260;META-800486;4;Instagram_Reels;60-69;ModeVerte_Spring_Stories;0;2026-03-06
86ab1c655db205e0d797;META-800487;1;Facebook_Feed;40-49;ModeVerte_Spring_Feed;0;2026-03-16
ad2c4f9142e2c7547e61;META-800488;1;Instagram_Feed;30-39;ModeVerte_Spring_Stories;0;2026-03-01
3c18a857b6f9b4958f11;META-800489;4;Facebook_Marketplace;50-59;ModeVerte_Spring_Stories;0;2026-03-21
cf6f678522d48df925b8;META-800490;4;Instagram_Feed;65+;ModeVerte_Spring_Feed;0;2026-03-10
cbca6f2080ae78520b85;META-800491;2;Facebook_Feed;50-59;ModeVerte_Eco_Reels;0;2026-03-24
cb675e4fbebe970b57f3;META-800492;3;Instagram_Stories;30-39;ModeVerte_Spring_Feed;0;2026-03-25
56cdc14c2608d2d5b186;META-800493;2;Facebook_Feed;30-39;ModeVerte_Spring_Feed;0;2026-03-22
7ecb5927ba64b81eb4ea;META-800494;3;Facebook_Marketplace;30-39;ModeVerte_Spring_Feed;0;2026-03-19
06a2404c8a0d24b67312;META-800495;5;Facebook_Marketplace;40-49;ModeVerte_Eco_Reels;0;2026-03-04
deb8f04bdb7203681fff;META-800496;4;Facebook_Feed;40-49;ModeVerte_Eco_Reels;0;2026-03-26
ce10afc4c50fc6d6b586;META-800497;3;Instagram_Feed;30-39;ModeVerte_Eco_Reels;0;2026-03-27
19643d1d9f433255b917;META-800498;2;Facebook_Feed;30-39;ModeVerte_Eco_Reels;0;2026-03-26
fe31f4cfd4da05e41a82;META-800499;4;Instagram_Feed;40-49;ModeVerte_Eco_Reels;0;2026-03-17
81ef5d235e6760ff38ca;META-800500;5;Facebook_Feed;50-59;ModeVerte_Eco_Reels;0;2026-03-11
9c4d8ff3790cd1aa8162;META-800501;5;Facebook_Marketplace;30-39;ModeVerte_Spring_Stories;0;2026-03-05
691586946467af7e0ad6;META-800502;1;Instagram_Stories;30-39;ModeVerte_Spring_Feed;0;2026-03-27
61e9311910667496eb7d;META-800503;2;Instagram_Feed;60-69;ModeVerte_Spring_Feed;0;2026-03-16
63c9153bbee0fb9a9a7f;META-800504;4;Facebook_Marketplace;30-39;ModeVerte_Spring_Stories;0;2026-03-28
ec8d274f50276e8ebdd3;META-800505;5;Facebook_Marketplace;30-39;ModeVerte_Spring_Feed;0;2026-03-03
687f7d4e77c45f10717a;META-800506;1;Instagram_Feed;30-39;ModeVerte_Eco_Reels;0;2026-03-19
62ed22fe8172557c2c1b;META-800507;4;Instagram_Reels;40-49;ModeVerte_Spring_Stories;0;2026-03-05
ea24c5fbc7873cb24f81;META-800508;4;Instagram_Reels;20-29;ModeVerte_Spring_Stories;0;2026-03-16
af2d3d15c685165dbbc7;META-800509;1;Instagram_Reels;10-19;ModeVerte_Spring_Stories;0;2026-03-15
ed159a5a2712240f5afb;META-800510;1;Facebook_Feed;30-39;ModeVerte_Eco_Reels;0;2026-03-17
daa18a715c902d5b59d1;META-800511;1;Facebook_Feed;40-49;ModeVerte_Eco_Reels;0;2026-03-17
6ea985545ec3d995f56e;META-800512;3;Facebook_Feed;40-49;ModeVerte_Eco_Reels;0;2026-03-23
4bead431b77931156cf9;META-800513;1;Facebook_Feed;40-49;ModeVerte_Spring_Stories;0;2026-03-12
cacc425406b68dd38723;META-800514;1;Instagram_Feed;20-29;ModeVerte_Spring_Feed;0;2026-03-22
c6e9b25c150bd37460e1;META-800515;2;Instagram_Reels;30-39;ModeVerte_Spring_Feed;0;2026-03-21
67eeb5a4444b5ca51a27;META-800516;2;Instagram_Feed;40-49;ModeVerte_Spring_Stories;0;2026-03-19
f59f8a8edb9e4b026ef6;META-800517;3;Instagram_Reels;40-49;ModeVerte_Spring_Stories;0;2026-03-21
bec704a99a21e180cc91;META-800518;4;Instagram_Reels;50-59;ModeVerte_Spring_Stories;0;2026-03-19
bee547e85a1bdfde3cff;META-800519;8;Facebook_Feed;30-39;ModeVerte_Spring_Stories;1;2026-03-18
921346bfd5aefe992d20;META-800520;1;Facebook_Feed;30-39;ModeVerte_Eco_Reels;0;2026-03-24
d28d0c5840b00ad106c3;META-800521;3;Instagram_Reels;20-29;ModeVerte_Spring_Stories;0;2026-03-13
a193d796caf940ab3624;META-800522;2;Facebook_Marketplace;20-29;ModeVerte_Spring_Feed;0;2026-03-14
90d09bf760087aa9f388;META-800523;1;Facebook_Marketplace;40-49;ModeVerte_Eco_Reels;0;2026-03-20
9c09651794f720765d24;META-800524;1;Instagram_Reels;65+;ModeVerte_Spring_Stories;0;2026-03-23
a3d9a4e5981b77a482aa;META-800525;2;Facebook_Feed;30-39;ModeVerte_Eco_Reels;0;2026-03-26
dabfe7a8e7b441858f1a;META-800526;1;Facebook_Feed;20-29;ModeVerte_Spring_Feed;0;2026-03-21
29b05146ef0f12146611;META-800527;6;Facebook_Marketplace;30-39;ModeVerte_Eco_Reels;0;2026-03-02
c87b44712aa8013c2491;META-800528;2;Facebook_Marketplace;60-69;ModeVerte_Spring_Stories;0;2026-03-06
7350859a4b5a8018d697;META-800529;4;Facebook_Marketplace;20-29;ModeVerte_Spring_Feed;0;2026-03-27
625de18ee53d7c26b6df;META-800530;8;Instagram_Stories;30-39;ModeVerte_Spring_Stories;0;2026-03-29
77716da153f12edabd9f;META-800531;2;Facebook_Feed;30-39;ModeVerte_Eco_Reels;0;2026-03-19
8c051a5d56868eab9fe3;META-800532;4;Instagram_Feed;50-59;ModeVerte_Spring_Feed;0;2026-03-09
9398e8da98b05d58dce3;META-800533;2;Instagram_Stories;20-29;ModeVerte_Eco_Reels;0;2026-03-01
914b779945a6c0886dc0;META-800534;3;Facebook_Marketplace;40-49;ModeVerte_Spring_Feed;0;2026-03-20
8da2641079229035a6bf;META-800535;1;Facebook_Feed;20-29;ModeVerte_Eco_Reels;0;2026-03-25
35cb5dd750ec12ecd6b9;META-800536;4;Instagram_Stories;30-39;ModeVerte_Eco_Reels;0;2026-03-20
00b1a4f127d3c58c354e;META-800537;2;Instagram_Stories;40-49;ModeVerte_Spring_Feed;0;2026-03-20
9e3bc7e680ef3b3eef89;META-800538;5;Facebook_Feed;30-39;ModeVerte_Spring_Stories;0;2026-03-15
55e5d40dfc7615961f1a;META-800539;5;Facebook_Feed;40-49;ModeVerte_Spring_Stories;0;2026-03-04
6f8022cfcf59ebe99c1f;META-800540;2;Facebook_Feed;20-29;ModeVerte_Eco_Reels;0;2026-03-23
a71e75cca54f83eb1530;META-800541;1;Instagram_Reels;20-29;ModeVerte_Eco_Reels;0;2026-03-11
446eb7d0cfa8d695a649;META-800542;4;Facebook_Feed;20-29;ModeVerte_Spring_Stories;0;2026-03-11
ae80b3af7b1b34d007e8;META-800543;6;Instagram_Feed;40-49;ModeVerte_Spring_Feed;0;2026-03-29
3a1b58e601ec0e18eaef;META-800544;1;Facebook_Marketplace;20-29;ModeVerte_Eco_Reels;0;2026-03-08
ff1490b0a53b378ff882;META-800545;5;Facebook_Marketplace;40-49;ModeVerte_Spring_Feed;0;2026-03-02
21c0e046da73edb1de22;META-800546;2;Instagram_Reels;30-39;ModeVerte_Spring_Stories;0;2026-03-15
7ac16a0acdb1d928f88f;META-800547;2;Instagram_Stories;40-49;ModeVerte_Spring_Feed;0;2026-03-28
7244cf3e5c121fe61f41;META-800548;2;Facebook_Feed;30-39;ModeVerte_Spring_Stories;0;2026-03-29
08fff571956ed2693422;META-800549;3;Instagram_Reels;40-49;ModeVerte_Spring_Feed;0;2026-03-10
5e5cf15fd6a4020c764a;META-800550;1;Facebook_Feed;40-49;ModeVerte_Spring_Feed;0;2026-03-17
d25c954d0eb4ed7b736f;META-800551;2;Facebook_Feed;20-29;ModeVerte_Eco_Reels;0;2026-03-25
5af7f0ffe903384c771d;META-800552;2;Facebook_Feed;50-59;ModeVerte_Spring_Feed;0;2026-03-28
5d95afaabd7f56b6435c;META-800553;1;Instagram_Feed;30-39;ModeVerte_Spring_Feed;0;2026-03-26
3c12fceac8eecb65e0a0;META-800554;5;Instagram_Stories;50-59;ModeVerte_Spring_Feed;0;2026-03-30
e59a6a827fedd002b0cd;META-800555;2;Facebook_Marketplace;50-59;ModeVerte_Eco_Reels;0;2026-03-22
cb5d3267c6577b3f87a3;META-800556;2;Instagram_Reels;10-19;ModeVerte_Eco_Reels;0;2026-03-23
d1040cd013fc96cf2aab;META-800557;4;Facebook_Feed;40-49;ModeVerte_Spring_Stories;0;2026-03-29
b568218e6b5cc850c7b8;META-800558;3;Instagram_Reels;30-39;ModeVerte_Spring_Stories;0;2026-03-29
614a04fb36b6c4946439;META-800559;1;Facebook_Marketplace;50-59;ModeVerte_Spring_Stories;0;2026-03-02
d6dda4e3a965614f3c53;META-800560;3;Instagram_Reels;40-49;ModeVerte_Spring_Feed;0;2026-03-23
c12dca1c67e46d2a0d57;META-800561;3;Instagram_Feed;50-59;ModeVerte_Spring_Feed;0;2026-03-23
bffc65924b84830294fc;META-800562;4;Instagram_Reels;20-29;ModeVerte_Spring_Stories;0;2026-03-05
1fc9f57caaed39165ef2;META-800563;2;Facebook_Feed;30-39;ModeVerte_Eco_Reels;0;2026-03-06
1fd0116db5336371e227;META-800564;4;Instagram_Feed;20-29;ModeVerte_Eco_Reels;0;2026-03-17
30aa5b711410f1ef018b;META-800565;4;Instagram_Stories;20-29;ModeVerte_Spring_Stories;0;2026-03-24
6b485aed1d01033b1f29;META-800566;5;Facebook_Marketplace;40-49;ModeVerte_Spring_Stories;0;2026-03-19
e6f85f10466e474da167;META-800567;3;Instagram_Reels;20-29;ModeVerte_Spring_Stories;0;2026-03-29
476c3e4dbc48cdfc3c61;META-800568;3;Instagram_Feed;40-49;ModeVerte_Spring_Feed;0;2026-03-28
d89eb3da67f60113e759;META-800569;2;Instagram_Stories;50-59;ModeVerte_Spring_Feed;0;2026-03-12
63e4093c8d22c871105a;META-800570;6;Facebook_Marketplace;50-59;ModeVerte_Spring_Feed;0;2026-03-02
b2f007e63fc01d341da2;META-800571;2;Instagram_Reels;30-39;ModeVerte_Spring_Feed;0;2026-03-14
45393e675b9ed8ac296d;META-800572;2;Instagram_Stories;10-19;ModeVerte_Eco_Reels;0;2026-03-08
219117b82e5128749e10;META-800573;1;Instagram_Reels;20-29;ModeVerte_Spring_Feed;0;2026-03-29
c832617f7e233ae5e422;META-800574;3;Facebook_Feed;30-39;ModeVerte_Spring_Feed;0;2026-03-20
83ad401e2a461eca7940;META-800575;2;Instagram_Feed;30-39;ModeVerte_Eco_Reels;0;2026-03-25
c8ad3d64f8ae78bd610d;META-800576;2;Instagram_Reels;10-19;ModeVerte_Spring_Feed;0;2026-03-25
a99a4be9d5b79e897e98;META-800577;4;Instagram_Stories;30-39;ModeVerte_Eco_Reels;0;2026-03-06
035c82a17b49ee641dc9;META-800578;1;Instagram_Stories;30-39;ModeVerte_Eco_Reels;0;2026-03-30
3057beeab1ef0a095d6e;META-800579;2;Instagram_Stories;20-29;ModeVerte_Spring_Feed;0;2026-03-06
0594a78a88e617f73fa8;META-800580;4;Facebook_Feed;30-39;ModeVerte_Spring_Feed;0;2026-03-11
a615bd64dbf0a25adefb;META-800581;5;Instagram_Feed;50-59;ModeVerte_Spring_Stories;0;2026-03-04
e0fa4b43e03dcdaa18a5;META-800582;4;Facebook_Marketplace;30-39;ModeVerte_Eco_Reels;0;2026-03-30
952c569c061a8eb356e6;META-800583;1;Instagram_Reels;65+;ModeVerte_Spring_Stories;0;2026-03-29
bc3db68efa0b8072c88d;META-800584;3;Facebook_Marketplace;30-39;ModeVerte_Eco_Reels;0;2026-03-15
3e5fcab7f58deee43aff;META-800585;4;Instagram_Feed;30-39;ModeVerte_Spring_Stories;0;2026-03-24
ef3d9fd88b5c6d4f6bf4;META-800586;2;Instagram_Feed;30-39;ModeVerte_Eco_Reels;0;2026-03-25
b259865450bce857e1e5;META-800587;4;Instagram_Stories;30-39;ModeVerte_Eco_Reels;0;2026-03-23
584a1e99adee8385e7af;META-800588;3;Instagram_Stories;50-59;ModeVerte_Spring_Stories;0;2026-03-24
0a5df75e8a3db1720050;META-800589;1;Instagram_Feed;50-59;ModeVerte_Eco_Reels;0;2026-03-29
1678b010c13e1bdf8ac8;META-800590;1;Instagram_Feed;20-29;ModeVerte_Spring_Stories;0;2026-03-24
38e91dba4cd9b37d51c8;META-800591;6;Instagram_Reels;40-49;ModeVerte_Spring_Feed;0;2026-03-20
18d690bcf047dcb0921d;META-800592;8;Instagram_Stories;30-39;ModeVerte_Eco_Reels;0;2026-03-20
3a86e39be4e641d7f6fc;META-800593;1;Facebook_Marketplace;20-29;ModeVerte_Spring_Stories;0;2026-03-23
1cd1ecbbc00b0f4ee7c7;META-800594;8;Instagram_Feed;30-39;ModeVerte_Eco_Reels;0;2026-03-22
c95836d514e7ebd6ef84;META-800595;1;Facebook_Feed;40-49;ModeVerte_Eco_Reels;0;2026-03-12
12817ca0399ef34cb299;META-800596;1;Facebook_Feed;50-59;ModeVerte_Eco_Reels;0;2026-03-15
da0bc5216a5263d54063;META-800597;1;Facebook_Feed;30-39;ModeVerte_Spring_Stories;0;2026-03-26
91e06d06785af74161bf;META-800598;4;Facebook_Marketplace;50-59;ModeVerte_Spring_Feed;0;2026-03-14
1f5bed5dad6939f5322f;META-800599;1;Instagram_Feed;30-39;ModeVerte_Spring_Feed;0;2026-03-30
d54eb560e665d19a4151;META-800600;1;Instagram_Stories;30-39;ModeVerte_Spring_Feed;0;2026-03-03
3b4466e6af9378d27bae;META-800601;1;Instagram_Stories;20-29;ModeVerte_Spring_Stories;0;2026-03-12
6ace976fd8ea996b2413;META-800602;3;Instagram_Feed;50-59;ModeVerte_Spring_Stories;0;2026-03-25
af8b327f25210a2e5a05;META-800603;1;Instagram_Reels;65+;ModeVerte_Eco_Reels;0;2026-03-25
273fccdf4294d2a75ebe;META-800604;5;Facebook_Feed;20-29;ModeVerte_Spring_Stories;0;2026-03-15
a4e975698a0e2934fff1;META-800605;5;Facebook_Feed;60-69;ModeVerte_Spring_Feed;0;2026-03-27
34932f7421a4a647e9d3;META-800606;5;Facebook_Feed;65+;ModeVerte_Eco_Reels;0;2026-03-21
68be6664570adeec9902;META-800607;2;Instagram_Reels;30-39;ModeVerte_Spring_Stories;0;2026-03-15
9999e31edda847273fad;META-800608;2;Facebook_Feed;30-39;ModeVerte_Spring_Stories;0;2026-03-25
3449e6a6b4b031a8a891;META-800609;4;Instagram_Reels;65+;ModeVerte_Eco_Reels;0;2026-03-26
cabb22a517f51f8f827f;META-800610;4;Facebook_Feed;20-29;ModeVerte_Spring_Feed;0;2026-03-21
fe0cef1a4abb558d63d7;META-800611;2;Instagram_Feed;40-49;ModeVerte_Spring_Feed;0;2026-03-13
30fc427caad6d66e6ecf;META-800612;8;Instagram_Reels;40-49;ModeVerte_Spring_Feed;0;2026-03-09
d92b281eb8d5fbdfb0fe;META-800613;4;Facebook_Feed;20-29;ModeVerte_Spring_Stories;0;2026-03-27
a7c6ff20757d213a777d;META-800614;1;Instagram_Stories;40-49;ModeVerte_Spring_Stories;0;2026-03-14
fce9ae88f75bd126313f;META-800615;3;Facebook_Marketplace;40-49;ModeVerte_Eco_Reels;0;2026-03-29
9284700bf652b88e8766;META-800616;4;Instagram_Feed;20-29;ModeVerte_Spring_Stories;0;2026-03-14
d993a5aaede9f22f64fc;META-800617;1;Facebook_Marketplace;60-69;ModeVerte_Eco_Reels;0;2026-03-06
9925769ee7c746dd8ad9;META-800618;2;Instagram_Reels;50-59;ModeVerte_Spring_Feed;0;2026-03-16
b3c54f9257f1f69ae0d5;META-800619;2;Instagram_Stories;65+;ModeVerte_Spring_Stories;0;2026-03-28
54215d1e2d72314dfdc5;META-800620;2;Instagram_Stories;65+;ModeVerte_Spring_Feed;0;2026-03-25
6d2e1371f8fa1783f2f3;META-800621;2;Facebook_Feed;40-49;ModeVerte_Eco_Reels;0;2026-03-02
a7a6f6818a2be7de219b;META-800622;2;Facebook_Marketplace;40-49;ModeVerte_Spring_Feed;0;2026-03-26
391ea5e8b646bcdcefc6;META-800623;3;Facebook_Marketplace;30-39;ModeVerte_Spring_Stories;0;2026-03-21
af8abcd918d3d104bd17;META-800624;2;Instagram_Feed;65+;ModeVerte_Eco_Reels;0;2026-03-21
a9cb18faa7798b81dd3b;META-800625;2;Instagram_Stories;65+;ModeVerte_Spring_Feed;0;2026-03-09
fe46119eb7c7c9ce3fdb;META-800626;2;Instagram_Reels;20-29;ModeVerte_Spring_Feed;0;2026-03-25
bc38bd6208ca3ace92da;META-800627;1;Instagram_Feed;20-29;ModeVerte_Spring_Stories;0;2026-03-15
a6d34e141bf463fb85ed;META-800628;1;Instagram_Feed;65+;ModeVerte_Eco_Reels;0;2026-03-18
f18fe0bde14129e6e9d3;META-800629;2;Instagram_Stories;40-49;ModeVerte_Eco_Reels;0;2026-03-26
16733fc82c71bfba5532;META-800630;6;Instagram_Feed;20-29;ModeVerte_Spring_Feed;0;2026-03-19
9389210c41fda2b5896a;META-800631;2;Instagram_Stories;30-39;ModeVerte_Spring_Feed;0;2026-03-13
b94f40569165a266485b;META-800632;4;Instagram_Stories;50-59;ModeVerte_Spring_Stories;0;2026-03-22
519628b2bebac13bacb4;META-800633;4;Facebook_Marketplace;65+;ModeVerte_Eco_Reels;0;2026-03-21
16415bce5517487bcf97;META-800634;8;Instagram_Feed;60-69;ModeVerte_Spring_Stories;0;2026-03-20
ee6fe195509122f9cc89;META-800635;2;Instagram_Feed;65+;ModeVerte_Eco_Reels;0;2026-03-13
018f8ea6420719208b7d;META-800636;6;Instagram_Feed;30-39;ModeVerte_Spring_Feed;0;2026-03-22
b1ae65af6c77f5aa194a;META-800637;1;Facebook_Feed;40-49;ModeVerte_Spring_Stories;0;2026-03-11
8863608edd8ae10a21e6;META-800638;2;Instagram_Reels;50-59;ModeVerte_Eco_Reels;0;2026-03-12
17ae8ccbdd11c58ba65b;META-800639;4;Facebook_Marketplace;20-29;ModeVerte_Eco_Reels;0;2026-03-22
dcb999d73a84e2af7f58;META-800640;1;Facebook_Marketplace;60-69;ModeVerte_Eco_Reels;0;2026-03-24
f527902f6bc6746d1a91;META-800641;4;Facebook_Marketplace;20-29;ModeVerte_Spring_Stories;0;2026-03-06
f42d5c309444d12f9b73;META-800642;5;Facebook_Marketplace;50-59;ModeVerte_Spring_Stories;0;2026-03-18
2258d99c8658ee9d3b2c;META-800643;1;Facebook_Marketplace;65+;ModeVerte_Spring_Feed;0;2026-03-15
912338e17226fd31bad4;META-800644;2;Facebook_Marketplace;30-39;ModeVerte_Spring_Stories;0;2026-03-08
20ee81bc081b0dbe2747;META-800645;3;Instagram_Stories;50-59;ModeVerte_Spring_Feed;0;2026-03-08
2bd5e4758ca2ca2d8e0f;META-800646;3;Instagram_Reels;30-39;ModeVerte_Eco_Reels;0;2026-03-29
11fb1413d4139d58ef0b;META-800647;2;Instagram_Stories;50-59;ModeVerte_Spring_Feed;0;2026-03-28
e5e96afe726548a4ca6a;META-800648;1;Facebook_Marketplace;50-59;ModeVerte_Spring_Stories;0;2026-03-29
ab4eece1861cca797330;META-800649;3;Facebook_Feed;30-39;ModeVerte_Eco_Reels;0;2026-03-10
bc0f3f253d54208f9a82;META-800650;3;Facebook_Marketplace;30-39;ModeVerte_Eco_Reels;0;2026-03-23
9ad66fc5436a6ac486bf;META-800651;1;Instagram_Reels;40-49;ModeVerte_Spring_Feed;0;2026-03-13
49896286c32808750c4b;META-800652;5;Instagram_Feed;20-29;ModeVerte_Spring_Feed;0;2026-03-16
94fd85260004af79e8fe;META-800653;4;Facebook_Feed;30-39;ModeVerte_Spring_Stories;0;2026-03-04
f922d796c641b5e7b155;META-800654;2;Instagram_Reels;10-19;ModeVerte_Eco_Reels;0;2026-03-26
5fb659a59c856cc36adc;META-800655;5;Facebook_Feed;50-59;ModeVerte_Spring_Stories;0;2026-03-27
e6469f7e6040820e9b33;META-800656;4;Instagram_Feed;65+;ModeVerte_Spring_Stories;0;2026-03-13
7a975d82fb10540f7b8f;META-800657;1;Facebook_Marketplace;20-29;ModeVerte_Spring_Stories;0;2026-03-24
d29a0f4d1594aba16979;META-800658;2;Instagram_Feed;30-39;ModeVerte_Spring_Feed;0;2026-03-29
f7695fdc76985a9e4880;META-800659;5;Instagram_Reels;30-39;ModeVerte_Spring_Stories;0;2026-03-14
b3ae97f471a2df70a040;META-800660;4;Instagram_Reels;20-29;ModeVerte_Spring_Stories;0;2026-03-06
87e6286d7dd00a31a39c;META-800661;3;Facebook_Marketplace;40-49;ModeVerte_Eco_Reels;0;2026-03-24
0f3b4612969c3912bdee;META-800662;3;Instagram_Reels;30-39;ModeVerte_Spring_Stories;0;2026-03-16
fb3edaf7eda5149dda9f;META-800663;4;Facebook_Marketplace;20-29;ModeVerte_Spring_Feed;0;2026-03-05
54cfa89e2b7d3dc25d64;META-800664;3;Instagram_Feed;40-49;ModeVerte_Spring_Stories;0;2026-03-05
143b0efb54d620f195bc;META-800665;3;Facebook_Marketplace;50-59;ModeVerte_Spring_Stories;0;2026-03-14
bfef396cdee362127932;META-800666;4;Facebook_Feed;40-49;ModeVerte_Spring_Stories;0;2026-03-13
38054c5ab4ce3fce334d;META-800667;1;Facebook_Marketplace;50-59;ModeVerte_Spring_Stories;0;2026-03-12
b2294fb103380c417021;META-800668;2;Facebook_Marketplace;30-39;ModeVerte_Eco_Reels;0;2026-03-12
39cf5d55f9e045bff255;META-800669;6;Instagram_Feed;30-39;ModeVerte_Eco_Reels;0;2026-03-20
2c6123195367158aab30;META-800670;8;Facebook_Marketplace;20-29;ModeVerte_Spring_Stories;0;2026-03-07
a4c9ed031756796205b7;META-800671;1;Instagram_Reels;40-49;ModeVerte_Spring_Stories;0;2026-03-08
94499b27a24c9075b4c5;META-800672;1;Instagram_Stories;50-59;ModeVerte_Spring_Feed;0;2026-03-16
bb8d203351568529ed35;META-800673;2;Instagram_Stories;40-49;ModeVerte_Spring_Feed;0;2026-03-17
403f30d1617f95187320;META-800674;6;Facebook_Marketplace;20-29;ModeVerte_Eco_Reels;0;2026-03-04
9f22110bf8c4766cf901;META-800675;2;Facebook_Marketplace;30-39;ModeVerte_Spring_Stories;0;2026-03-01
dc1091ef8df1390b9e77;META-800676;2;Instagram_Reels;40-49;ModeVerte_Spring_Stories;0;2026-03-21
4cc548011e6b3e46ca29;META-800677;3;Facebook_Feed;40-49;ModeVerte_Spring_Feed;0;2026-03-07
1cdf8521bdb376346afa;META-800678;2;Instagram_Stories;50-59;ModeVerte_Spring_Feed;0;2026-03-11
323570cc60b8af8f151d;META-800679;1;Instagram_Stories;30-39;ModeVerte_Spring_Stories;0;2026-03-06
71a8edfcca38a9478d7b;META-800680;1;Instagram_Feed;20-29;ModeVerte_Spring_Feed;0;2026-03-12
7a283cc8ac3975f6fc6c;META-800681;5;Instagram_Feed;40-49;ModeVerte_Eco_Reels;0;2026-03-27
b649d8082e1f78eea8cc;META-800682;1;Instagram_Stories;20-29;ModeVerte_Eco_Reels;0;2026-03-10
5ebf52102cf06014e774;META-800683;2;Facebook_Marketplace;10-19;ModeVerte_Spring_Stories;0;2026-03-03
ad42f0d0e848c559572b;META-800684;3;Instagram_Stories;20-29;ModeVerte_Eco_Reels;0;2026-03-28
2ef08f9f08ee4ccdaec8;META-800685;4;Instagram_Reels;30-39;ModeVerte_Spring_Feed;0;2026-03-02
f6e26039586f5210fea3;META-800686;4;Facebook_Feed;40-49;ModeVerte_Spring_Stories;0;2026-03-12
77400a65bcbf27b55175;META-800687;4;Instagram_Stories;30-39;ModeVerte_Spring_Feed;0;2026-03-18
8a0e2742e12f7554a071;META-800688;1;Instagram_Stories;30-39;ModeVerte_Spring_Feed;0;2026-03-26
bf4e168f06e4df766f15;META-800689;2;Instagram_Feed;50-59;ModeVerte_Spring_Stories;0;2026-03-26
47dd2432d9c575c94d4d;META-800690;3;Facebook_Marketplace;40-49;ModeVerte_Spring_Feed;0;2026-03-22
9161e7e2b60df73445a6;META-800691;2;Instagram_Reels;40-49;ModeVerte_Spring_Stories;0;2026-03-21
bfe197a8710afcbe7b30;META-800692;2;Instagram_Stories;30-39;ModeVerte_Eco_Reels;0;2026-03-29
0a4bba47c11245760416;META-800693;1;Instagram_Reels;30-39;ModeVerte_Spring_Feed;0;2026-03-30
583bf1ba18b7150771b0;META-800694;4;Instagram_Reels;40-49;ModeVerte_Spring_Feed;0;2026-03-25
3c8d2c0a432846261e75;META-800695;3;Instagram_Reels;40-49;ModeVerte_Eco_Reels;0;2026-03-27
74d0ddaad7c5afae4bce;META-800696;1;Facebook_Marketplace;20-29;ModeVerte_Spring_Feed;0;2026-03-10
5f5c489e45cc14ba17cf;META-800697;5;Facebook_Feed;40-49;ModeVerte_Eco_Reels;0;2026-03-03
e1c0061b1cdedd99d458;META-800698;1;Instagram_Stories;50-59;ModeVerte_Eco_Reels;0;2026-03-07
423891ab0ad1e686db74;META-800699;3;Facebook_Feed;40-49;ModeVerte_Eco_Reels;0;2026-03-14
de20cbd2facc28e6527d;META-800700;3;Instagram_Feed;40-49;ModeVerte_Eco_Reels;0;2026-03-02
dc7c283a4ea33a35ace5;META-800701;1;Instagram_Reels;50-59;ModeVerte_Spring_Feed;0;2026-03-05
dc719767cd1261d88617;META-800702;6;Instagram_Feed;20-29;ModeVerte_Spring_Feed;0;2026-03-17
803de5d2df665c427ef4;META-800703;3;Instagram_Feed;30-39;ModeVerte_Eco_Reels;0;2026-03-19
3d6129295b0e657a2c60;META-800704;5;Facebook_Feed;20-29;ModeVerte_Spring_Feed;0;2026-03-12
00abd798442a6a23b412;META-800705;6;Instagram_Stories;40-49;ModeVerte_Spring_Stories;0;2026-03-20
09062e1d565cf95aae2f;META-800706;2;Instagram_Reels;30-39;ModeVerte_Spring_Stories;0;2026-03-03
be6556416b111eb89b1d;META-800707;4;Instagram_Reels;40-49;ModeVerte_Spring_Feed;0;2026-03-17
88d3ef151190e486c99f;META-800708;1;Facebook_Feed;30-39;ModeVerte_Spring_Stories;0;2026-03-01
d78cc0950907f03b3c53;META-800709;4;Instagram_Reels;40-49;ModeVerte_Spring_Feed;0;2026-03-17
b3fdba211209f9a6fc18;META-800710;4;Instagram_Feed;20-29;ModeVerte_Spring_Stories;0;2026-03-04
c007b336a3bca0bbe146;META-800711;1;Facebook_Feed;20-29;ModeVerte_Spring_Stories;0;2026-03-30
3f647a74d6fb8ac55ab2;META-800712;1;Facebook_Feed;50-59;ModeVerte_Spring_Feed;0;2026-03-24
fa617638eb3dcb0819d9;META-800713;8;Instagram_Stories;40-49;ModeVerte_Spring_Stories;0;2026-03-19
6168fd83369b63603aef;META-800714;4;Facebook_Marketplace;40-49;ModeVerte_Eco_Reels;0;2026-03-05
87c700ac9e3e024f4555;META-800715;4;Facebook_Marketplace;30-39;ModeVerte_Spring_Feed;0;2026-03-24
ae688d26b0925200a1e1;META-800716;5;Facebook_Marketplace;65+;ModeVerte_Eco_Reels;0;2026-03-26
c6b95c69eeaa0f035a0b;META-800717;5;Instagram_Feed;65+;ModeVerte_Spring_Stories;0;2026-03-13
6bbaa0b2b710b7ebb334;META-800718;3;Instagram_Stories;50-59;ModeVerte_Eco_Reels;0;2026-03-23
b0adcd00f760abdf7db9;META-800719;5;Instagram_Stories;20-29;ModeVerte_Spring_Stories;0;2026-03-19
4121f6e44800f53feda8;META-800720;1;Instagram_Reels;50-59;ModeVerte_Eco_Reels;0;2026-03-01
fe9fb7b3c00d50f8601b;META-800721;5;Facebook_Feed;50-59;ModeVerte_Eco_Reels;0;2026-03-14
95532d4803e4c1a8e4c0;META-800722;4;Instagram_Stories;40-49;ModeVerte_Eco_Reels;0;2026-03-29
a50733035181e9eeb5ad;META-800723;4;Facebook_Feed;40-49;ModeVerte_Spring_Stories;0;2026-03-20
b9ba9dd43114f75ecec8;META-800724;3;Instagram_Stories;30-39;ModeVerte_Spring_Feed;0;2026-03-21
68a92eecbf1457c38001;META-800725;5;Instagram_Reels;20-29;ModeVerte_Spring_Feed;0;2026-03-07
87f2e7f932f21035da4c;META-800726;5;Instagram_Reels;20-29;ModeVerte_Spring_Feed;0;2026-03-02
1ecd33a91a32680c50de;META-800727;2;Facebook_Feed;50-59;ModeVerte_Spring_Feed;0;2026-03-12
87330d9163627db93473;META-800728;4;Instagram_Reels;50-59;ModeVerte_Spring_Feed;0;2026-03-24
76d6ce0272e3798e1092;META-800729;3;Facebook_Marketplace;50-59;ModeVerte_Eco_Reels;0;2026-03-18
cc61ac85d154dc68b537;META-800730;3;Facebook_Marketplace;20-29;ModeVerte_Spring_Stories;0;2026-03-01
4f202678624c1feb523d;META-800731;2;Instagram_Stories;30-39;ModeVerte_Spring_Stories;0;2026-03-14
c8b0af918aa8433a9a81;META-800732;4;Instagram_Stories;40-49;ModeVerte_Spring_Feed;0;2026-03-12
9d48450f2710312709d7;META-800733;3;Instagram_Feed;40-49;ModeVerte_Eco_Reels;0;2026-03-06
c0b1b1654ba6154d68ce;META-800734;5;Instagram_Reels;30-39;ModeVerte_Eco_Reels;0;2026-03-25
0096dbb77d720be8b5c6;META-800735;2;Facebook_Feed;30-39;ModeVerte_Eco_Reels;0;2026-03-30
7e3571cdbf132136b959;META-800736;2;Facebook_Marketplace;40-49;ModeVerte_Eco_Reels;1;2026-03-04
fe866442fea3011a9e95;META-800737;3;Facebook_Marketplace;65+;ModeVerte_Eco_Reels;0;2026-03-03
e370a00ad40b48d1d59f;META-800738;4;Instagram_Reels;50-59;ModeVerte_Eco_Reels;0;2026-03-15
4c30b9522f51256d89aa;META-800739;5;Instagram_Stories;65+;ModeVerte_Spring_Feed;0;2026-03-05
30fd0b89b3b051828855;META-800740;5;Instagram_Stories;60-69;ModeVerte_Eco_Reels;0;2026-03-22
7afd61b2cb3ddab58a54;META-800741;2;Facebook_Feed;50-59;ModeVerte_Eco_Reels;0;2026-03-09
0a536da26a59dcc76c77;META-800742;3;Instagram_Feed;30-39;ModeVerte_Spring_Feed;0;2026-03-19
d94b4dde538e39424d8f;META-800743;4;Facebook_Marketplace;65+;ModeVerte_Spring_Feed;0;2026-03-19
2d8b993ded24c95d5737;META-800744;5;Facebook_Marketplace;20-29;ModeVerte_Eco_Reels;0;2026-03-27
21e82d81146be50192a2;META-800745;3;Instagram_Feed;30-39;ModeVerte_Eco_Reels;0;2026-03-20
3177b006aecc7b289835;META-800746;3;Instagram_Feed;65+;ModeVerte_Spring_Feed;0;2026-03-16
2035af3b13c163306a3f;META-800747;2;Facebook_Feed;40-49;ModeVerte_Spring_Feed;0;2026-03-05
2c7ef44108e062a7ab3e;META-800748;3;Facebook_Marketplace;50-59;ModeVerte_Eco_Reels;0;2026-03-14
fdd1b464e8d51d37d9cf;META-800749;2;Instagram_Stories;40-49;ModeVerte_Eco_Reels;0;2026-03-07
4b5f6854d1b6922fd3a6;META-800750;1;Instagram_Reels;30-39;ModeVerte_Spring_Feed;0;2026-03-18
9576317ef2d05e1c8160;META-800751;1;Facebook_Feed;30-39;ModeVerte_Eco_Reels;0;2026-03-24
455d9e2ba63ae38bb23f;META-800752;3;Instagram_Stories;60-69;ModeVerte_Spring_Stories;0;2026-03-01
0818c5a2caf0fff09306;META-800753;1;Facebook_Feed;40-49;ModeVerte_Eco_Reels;0;2026-03-08
ef140a99ddc262906fdf;META-800754;2;Instagram_Reels;20-29;ModeVerte_Spring_Feed;1;2026-03-29
8fa13dcb1af81df4b482;META-800755;6;Facebook_Marketplace;65+;ModeVerte_Spring_Stories;0;2026-03-27
6f177f9ba77dfa89f5c7;META-800756;3;Instagram_Feed;40-49;ModeVerte_Spring_Feed;0;2026-03-22
27f45f1731018f797bbd;META-800757;3;Facebook_Feed;20-29;ModeVerte_Eco_Reels;0;2026-03-01
2b2106cd72ee738ee31b;META-800758;3;Instagram_Feed;50-59;ModeVerte_Spring_Stories;0;2026-03-11
5d4887d255dc5dbb2a10;META-800759;4;Instagram_Reels;40-49;ModeVerte_Spring_Stories;0;2026-03-05
9505a12b2d123ba01a65;META-800760;2;Instagram_Stories;40-49;ModeVerte_Spring_Feed;0;2026-03-09
e54c9a909751fc0f15f6;META-800761;3;Facebook_Marketplace;20-29;ModeVerte_Spring_Stories;0;2026-03-18
8c0ba53dc59d8ac42b2b;META-800762;5;Facebook_Feed;65+;ModeVerte_Spring_Feed;0;2026-03-20
6b0daeadba56ee980a94;META-800763;1;Instagram_Feed;50-59;ModeVerte_Spring_Stories;0;2026-03-19
2193dd05f0666c0f0930;META-800764;4;Facebook_Feed;30-39;ModeVerte_Spring_Feed;0;2026-03-04
d8627d8870bdc65fe320;META-800765;2;Instagram_Feed;30-39;ModeVerte_Spring_Stories;0;2026-03-06
314657ccc71c0799aa1b;META-800766;1;Instagram_Reels;40-49;ModeVerte_Spring_Stories;0;2026-03-24
f94a8aff0ab3013b39c6;META-800767;1;Instagram_Reels;40-49;ModeVerte_Spring_Feed;0;2026-03-27
2fd2104e5b2bf8d5c85e;META-800768;2;Instagram_Reels;40-49;ModeVerte_Eco_Reels;0;2026-03-23
edaabb1af3725cda15bd;META-800769;1;Facebook_Feed;20-29;ModeVerte_Spring_Feed;0;2026-03-01
eedacbd3c7a9e7b9fd00;META-800770;4;Instagram_Feed;60-69;ModeVerte_Spring_Feed;0;2026-03-23
e7cef748623f16c92a17;META-800771;2;Instagram_Reels;30-39;ModeVerte_Spring_Stories;0;2026-03-11
3a630447cda4bd77019e;META-800772;2;Instagram_Reels;40-49;ModeVerte_Spring_Feed;0;2026-03-29
2dc72ef542b0a3460dd0;META-800773;3;Instagram_Feed;30-39;ModeVerte_Eco_Reels;0;2026-03-13
ebf3d2efcaf02cdf214e;META-800774;2;Instagram_Stories;50-59;ModeVerte_Spring_Stories;0;2026-03-10
09753555ca8358ceae6d;META-800775;1;Facebook_Marketplace;10-19;ModeVerte_Eco_Reels;0;2026-03-01
196d664d5dffefa48a8b;META-800776;3;Facebook_Feed;50-59;ModeVerte_Spring_Feed;0;2026-03-11
bfef776fcb51625fb59c;META-800777;8;Facebook_Marketplace;20-29;ModeVerte_Eco_Reels;0;2026-03-25
ed7bc0d286f651f11052;META-800778;4;Instagram_Stories;20-29;ModeVerte_Eco_Reels;0;2026-03-01
867822f2b50d0d009aa2;META-800779;6;Instagram_Stories;20-29;ModeVerte_Eco_Reels;0;2026-03-06
338a06f4b842b373b681;META-800780;2;Instagram_Feed;40-49;ModeVerte_Spring_Feed;0;2026-03-13
08bb3d3e49b719f88cac;META-800781;2;Instagram_Feed;20-29;ModeVerte_Spring_Feed;0;2026-03-03
aa6d14c30b9c32996bf2;META-800782;2;Instagram_Reels;40-49;ModeVerte_Spring_Feed;0;2026-03-10
6e3c2fe5a0e0c2364e49;META-800783;5;Instagram_Stories;40-49;ModeVerte_Spring_Feed;0;2026-03-19
e91fa5fa9325252e1fe4;META-800784;5;Instagram_Reels;20-29;ModeVerte_Eco_Reels;0;2026-03-29
611d92bcbf5286917b06;META-800785;5;Facebook_Feed;60-69;ModeVerte_Spring_Stories;0;2026-03-12
85a46e53660a64b10bb6;META-800786;3;Facebook_Marketplace;50-59;ModeVerte_Eco_Reels;0;2026-03-12
f7d66be1ca35f8a194cc;META-800787;2;Facebook_Marketplace;30-39;ModeVerte_Spring_Stories;0;2026-03-14
8d3a80fc085aab9e720b;META-800788;2;Instagram_Feed;50-59;ModeVerte_Spring_Stories;0;2026-03-04
257d36adf2ff528587a1;META-800789;3;Instagram_Feed;30-39;ModeVerte_Eco_Reels;0;2026-03-09
3bee90031a8b0dfb5d11;META-800790;3;Instagram_Feed;60-69;ModeVerte_Eco_Reels;0;2026-03-19
812c673efca79d94bb15;META-800791;1;Instagram_Feed;40-49;ModeVerte_Spring_Feed;0;2026-03-20
cd2e855552b1257f8bf2;META-800792;2;Instagram_Feed;40-49;ModeVerte_Spring_Stories;0;2026-03-13
16411d9515ffb6b132c5;META-800793;3;Instagram_Feed;20-29;ModeVerte_Spring_Stories;0;2026-03-24
c6fd2c241be2baef161f;META-800794;2;Instagram_Stories;65+;ModeVerte_Spring_Stories;0;2026-03-27
02ccbf8874fd81db9dbb;META-800795;1;Instagram_Feed;30-39;ModeVerte_Spring_Stories;0;2026-03-04
037b7a05557e44eedb5e;META-800796;4;Instagram_Reels;30-39;ModeVerte_Eco_Reels;0;2026-03-05
8f4f2f2dc9c881a8763d;META-800797;1;Facebook_Feed;40-49;ModeVerte_Spring_Feed;0;2026-03-29
0275bb510c2283f5673b;META-800798;1;Facebook_Feed;60-69;ModeVerte_Spring_Feed;0;2026-03-01
b3df9a7810f07932d26b;META-800799;1;Instagram_Reels;50-59;ModeVerte_Spring_Stories;0;2026-03-10
683dee12bc6d0f844351;META-800800;2;Instagram_Reels;40-49;ModeVerte_Spring_Stories;0;2026-03-21
