hash_email;user_id_google;impressions;unique_days_exposed;primary_device;age_bucket;primary_campaign;view_through_100pct;click;first_exposure_date
a8686b49d65b94d9b5f6;GID-700001;5;5;Mobile;30-39;ModeVerte_Eco_Denim_TrueView;3;0;2026-03-02
808f7b99086c5eed0d1c;GID-700002;3;3;Desktop;40-49;ModeVerte_Spring_Skippable;1;0;2026-03-23
f6ff0916e62564769a8f;GID-700003;1;1;Mobile;20-29;ModeVerte_Spring_Masthead;0;0;2026-03-15
dbaec44b963e7f1f0fc2;GID-700004;2;1;Desktop;30-39;ModeVerte_Spring_Bumper;1;0;2026-03-30
dc1e8c31c48b479ae266;GID-700005;1;1;Mobile;40-49;ModeVerte_Spring_Masthead;1;0;2026-03-17
fdb5704948f4442af207;GID-700006;4;4;Mobile;50-59;ModeVerte_Spring_Skippable;1;0;2026-03-11
683dee12bc6d0f844351;GID-700007;6;5;Mobile;40-49;ModeVerte_Spring_Masthead;0;0;2026-03-27
b42f0786c9e71f609d9c;GID-700008;4;3;Mobile;40-49;ModeVerte_Spring_Masthead;3;0;2026-03-08
8eb9985357906b5bdd24;GID-700009;4;3;Tablette;40-49;ModeVerte_Spring_Masthead;1;0;2026-03-10
cbca6f2080ae78520b85;GID-700010;4;1;Desktop;50-59;ModeVerte_Spring_Skippable;2;0;2026-03-20
3449e6a6b4b031a8a891;GID-700011;8;6;Desktop;65+;ModeVerte_Eco_Denim_TrueView;3;0;2026-03-04
7afd61b2cb3ddab58a54;GID-700012;6;2;Desktop;50-59;ModeVerte_Spring_Masthead;3;0;2026-03-18
716bed8fb1ebc9a8496c;GID-700013;2;2;Desktop;30-39;ModeVerte_Spring_Skippable;2;0;2026-03-16
3ef4f0ef5553159fa521;GID-700014;2;2;TV_Connectée;30-39;ModeVerte_Spring_Bumper;0;1;2026-03-18
3c30bd8b4b31a388b729;GID-700015;5;1;Mobile;40-49;ModeVerte_Spring_Bumper;3;0;2026-03-14
febefd02defdddbe067a;GID-700016;2;2;Tablette;20-29;ModeVerte_Spring_Masthead;1;0;2026-03-02
0960b1c25f4d903d8c87;GID-700017;1;1;Mobile;30-39;ModeVerte_Spring_Bumper;1;0;2026-03-07
e59a6a827fedd002b0cd;GID-700018;3;3;TV_Connectée;50-59;ModeVerte_Eco_Denim_TrueView;0;0;2026-03-05
b13202c19dd157464228;GID-700019;2;2;Mobile;30-39;ModeVerte_Spring_Bumper;1;0;2026-03-29
40cc84b79f70ebc629fc;GID-700020;1;1;Mobile;50-59;ModeVerte_Spring_Masthead;0;0;2026-03-27
87d4792df623c58379cb;GID-700021;2;2;Mobile;30-39;ModeVerte_Spring_Bumper;2;0;2026-03-22
caaa50ff58ed8d0f34ba;GID-700022;6;6;Mobile;10-19;ModeVerte_Spring_Masthead;3;0;2026-03-21
a49ccc48d067091b9a0f;GID-700023;2;2;TV_Connectée;20-29;ModeVerte_Spring_Skippable;0;0;2026-03-29
ed68fc1aac88763a17e8;GID-700024;4;4;Mobile;60-69;ModeVerte_Spring_Bumper;3;0;2026-03-09
3ddd6f544d6bece12acf;GID-700025;3;2;Mobile;20-29;ModeVerte_Spring_Bumper;1;0;2026-03-28
4f202678624c1feb523d;GID-700026;4;3;Tablette;30-39;ModeVerte_Spring_Bumper;1;0;2026-03-03
36aac0af242076fedd82;GID-700027;3;3;Desktop;40-49;ModeVerte_Spring_Bumper;2;0;2026-03-28
f42d5c309444d12f9b73;GID-700028;1;1;Mobile;50-59;ModeVerte_Spring_Masthead;1;0;2026-03-28
39cf5d55f9e045bff255;GID-700029;2;2;Mobile;30-39;ModeVerte_Spring_Bumper;0;0;2026-03-18
b3654931adde16139f6e;GID-700030;2;2;Mobile;65+;ModeVerte_Spring_Bumper;0;0;2026-03-29
3d2ef6018cd584024103;GID-700031;1;1;TV_Connectée;10-19;ModeVerte_Spring_Bumper;1;0;2026-03-17
68be6664570adeec9902;GID-700032;4;4;TV_Connectée;30-39;ModeVerte_Eco_Denim_TrueView;2;0;2026-03-01
cc3157b7a22426ee0211;GID-700033;2;2;Mobile;20-29;ModeVerte_Spring_Bumper;0;0;2026-03-26
34ae67e2a3a605443bbc;GID-700034;1;1;Desktop;30-39;ModeVerte_Spring_Bumper;1;0;2026-03-26
a8c94194e18dd8518972;GID-700035;6;4;Mobile;40-49;ModeVerte_Spring_Masthead;3;0;2026-03-10
71bbfdfb1cec8465bdc0;GID-700036;2;2;Desktop;40-49;ModeVerte_Spring_Bumper;0;0;2026-03-17
cacc425406b68dd38723;GID-700037;3;3;TV_Connectée;20-29;ModeVerte_Eco_Denim_TrueView;3;0;2026-03-18
1c52a396e8c2cb642e81;GID-700038;8;7;Desktop;40-49;ModeVerte_Spring_Bumper;1;0;2026-03-13
2da1c416924420c31757;GID-700039;1;1;Mobile;40-49;ModeVerte_Spring_Bumper;1;0;2026-03-13
b7b691322c0d7f29e787;GID-700040;8;4;Mobile;30-39;ModeVerte_Eco_Denim_TrueView;2;1;2026-03-25
b108c242673bf1dd3f87;GID-700041;3;3;Mobile;30-39;ModeVerte_Spring_Masthead;0;0;2026-03-26
9496cd6063bc91829238;GID-700042;3;3;Mobile;40-49;ModeVerte_Spring_Skippable;1;0;2026-03-08
d22eb7bff98000a801d9;GID-700043;8;7;Mobile;40-49;ModeVerte_Spring_Bumper;3;0;2026-03-23
16411d9515ffb6b132c5;GID-700044;2;2;Tablette;20-29;ModeVerte_Spring_Masthead;1;0;2026-03-05
73152dfbc94eb0bc40fc;GID-700045;1;1;Desktop;65+;ModeVerte_Eco_Denim_TrueView;0;0;2026-03-18
a7c6ff20757d213a777d;GID-700046;1;1;Mobile;40-49;ModeVerte_Spring_Skippable;1;0;2026-03-03
0a536da26a59dcc76c77;GID-700047;3;3;Mobile;30-39;ModeVerte_Spring_Skippable;0;0;2026-03-13
17ae8ccbdd11c58ba65b;GID-700048;1;1;Mobile;20-29;ModeVerte_Spring_Skippable;1;0;2026-03-01
c29430f2410678506723;GID-700049;2;2;Desktop;40-49;ModeVerte_Eco_Denim_TrueView;0;0;2026-03-07
87e6286d7dd00a31a39c;GID-700050;6;6;Mobile;40-49;ModeVerte_Spring_Masthead;2;0;2026-03-01
e1a3a737b0d7051829e1;GID-700051;12;3;TV_Connectée;50-59;ModeVerte_Spring_Skippable;3;0;2026-03-08
87f2e7f932f21035da4c;GID-700052;2;2;TV_Connectée;20-29;ModeVerte_Spring_Bumper;2;0;2026-03-30
870b00bd7e86d751d6f3;GID-700053;3;1;Mobile;30-39;ModeVerte_Eco_Denim_TrueView;0;0;2026-03-24
c354e05e9ab1f80ece25;GID-700054;5;3;Desktop;30-39;ModeVerte_Spring_Masthead;0;0;2026-03-01
a0d462ffd663c81d1d3e;GID-700055;1;1;Desktop;30-39;ModeVerte_Eco_Denim_TrueView;1;0;2026-03-01
71b99ae80cf4b83cd6c0;GID-700056;2;2;Mobile;40-49;ModeVerte_Spring_Bumper;0;0;2026-03-11
14309c8b72faad0fbe74;GID-700057;3;3;Mobile;30-39;ModeVerte_Spring_Masthead;2;0;2026-03-15
3f43e5643a6fc2393ba2;GID-700058;4;3;Mobile;50-59;ModeVerte_Spring_Masthead;1;0;2026-03-19
8d59f91ae552e86b249a;GID-700059;1;1;TV_Connectée;20-29;ModeVerte_Spring_Masthead;0;0;2026-03-06
4b6848bd3476676f63f0;GID-700060;1;1;Desktop;40-49;ModeVerte_Eco_Denim_TrueView;1;0;2026-03-22
7d6eb8271c5bd27c0617;GID-700061;3;3;Mobile;20-29;ModeVerte_Spring_Bumper;2;0;2026-03-27
1c09cdbc745a1f598d55;GID-700062;8;4;TV_Connectée;30-39;ModeVerte_Spring_Bumper;2;0;2026-03-25
5279fcd15ad11c2ce066;GID-700063;4;4;Desktop;30-39;ModeVerte_Spring_Bumper;0;0;2026-03-08
452264ef29b407dd461c;GID-700064;1;1;Tablette;60-69;ModeVerte_Spring_Bumper;1;0;2026-03-25
b3c54f9257f1f69ae0d5;GID-700065;2;2;Mobile;65+;ModeVerte_Spring_Bumper;2;0;2026-03-05
98b0f3fa7f67d54838f7;GID-700066;8;4;Mobile;30-39;ModeVerte_Eco_Denim_TrueView;3;0;2026-03-25
e1fb5c643fae96582b38;GID-700067;2;2;Mobile;30-39;ModeVerte_Spring_Masthead;2;0;2026-03-19
1ae120300b5cc1873fff;GID-700068;3;3;Mobile;40-49;ModeVerte_Spring_Skippable;2;0;2026-03-01
1a1d66db225662458375;GID-700069;3;1;Desktop;20-29;ModeVerte_Spring_Masthead;0;0;2026-03-27
90aa53807ebf51b5af6b;GID-700070;2;2;Mobile;40-49;ModeVerte_Spring_Skippable;1;0;2026-03-27
a85e5b7c49424942fa0f;GID-700071;3;3;TV_Connectée;60-69;ModeVerte_Eco_Denim_TrueView;3;0;2026-03-04
af2d3d15c685165dbbc7;GID-700072;1;1;Mobile;10-19;ModeVerte_Spring_Masthead;1;0;2026-03-02
358e3aa3095447a48900;GID-700073;3;3;Mobile;30-39;ModeVerte_Spring_Skippable;3;0;2026-03-04
2e4a42fcbf5b885ca8a3;GID-700074;8;5;TV_Connectée;30-39;ModeVerte_Spring_Masthead;3;0;2026-03-01
6d1a75b1aa7158661be0;GID-700075;3;3;TV_Connectée;40-49;ModeVerte_Spring_Masthead;3;0;2026-03-23
6fb1d640515dd8928ba8;GID-700076;4;4;Mobile;30-39;ModeVerte_Eco_Denim_TrueView;3;0;2026-03-25
61e9311910667496eb7d;GID-700077;8;1;Mobile;60-69;ModeVerte_Spring_Masthead;3;0;2026-03-08
cd5c9d70e3641d442436;GID-700078;2;1;Mobile;30-39;ModeVerte_Spring_Bumper;1;0;2026-03-18
65461230adbab64cf294;GID-700079;3;3;Mobile;20-29;ModeVerte_Spring_Masthead;0;0;2026-03-21
a7a6f6818a2be7de219b;GID-700080;2;2;Desktop;40-49;ModeVerte_Spring_Skippable;0;0;2026-03-25
2c7ef44108e062a7ab3e;GID-700081;2;2;Desktop;50-59;ModeVerte_Spring_Masthead;0;0;2026-03-11
8d91cb11d5720a2095b2;GID-700082;4;1;Mobile;60-69;ModeVerte_Spring_Bumper;0;0;2026-03-18
9a408e45ef2125c6de1b;GID-700083;2;2;Mobile;50-59;ModeVerte_Spring_Bumper;1;0;2026-03-17
e370a00ad40b48d1d59f;GID-700084;5;5;Mobile;50-59;ModeVerte_Eco_Denim_TrueView;2;0;2026-03-08
ccf8c7813963fd3c2e6e;GID-700085;1;1;TV_Connectée;65+;ModeVerte_Spring_Skippable;0;0;2026-03-17
ad2c4f9142e2c7547e61;GID-700086;8;6;Desktop;30-39;ModeVerte_Spring_Bumper;3;0;2026-03-12
a5f155d4d67c417ea84d;GID-700087;1;1;Desktop;30-39;ModeVerte_Spring_Bumper;1;0;2026-03-12
34be8c7bf9fa857df075;GID-700088;4;4;Mobile;40-49;ModeVerte_Spring_Masthead;3;0;2026-03-03
12817ca0399ef34cb299;GID-700089;8;8;Mobile;50-59;ModeVerte_Eco_Denim_TrueView;0;0;2026-03-16
1bef117c719711e2dba0;GID-700090;2;2;Desktop;20-29;ModeVerte_Eco_Denim_TrueView;2;0;2026-03-20
2db3ce0b3aa8da1e78dc;GID-700091;1;1;Mobile;40-49;ModeVerte_Eco_Denim_TrueView;1;0;2026-03-27
67eeb5a4444b5ca51a27;GID-700092;1;1;Mobile;40-49;ModeVerte_Spring_Masthead;0;0;2026-03-25
1593a5d110eb89ec8c2c;GID-700093;2;2;Mobile;60-69;ModeVerte_Spring_Skippable;2;0;2026-03-29
e5523abb6b0b47f0c5c1;GID-700094;5;5;Mobile;50-59;ModeVerte_Spring_Masthead;3;0;2026-03-26
16733fc82c71bfba5532;GID-700095;3;3;Mobile;20-29;ModeVerte_Spring_Skippable;3;0;2026-03-07
67166672de2ec77f3e58;GID-700096;4;2;TV_Connectée;50-59;ModeVerte_Eco_Denim_TrueView;2;0;2026-03-22
66939af8e6254f07424b;GID-700097;3;2;Mobile;20-29;ModeVerte_Spring_Skippable;0;0;2026-03-14
bae26c4dc1a80c7eab61;GID-700098;2;2;TV_Connectée;30-39;ModeVerte_Eco_Denim_TrueView;0;0;2026-03-15
430128cd5491a29bc257;GID-700099;8;3;Mobile;40-49;ModeVerte_Spring_Skippable;1;0;2026-03-26
6138513128289ea65ad4;GID-700100;5;5;Desktop;10-19;ModeVerte_Spring_Masthead;1;0;2026-03-04
cf1527486696325e7dc1;GID-700101;2;2;Tablette;50-59;ModeVerte_Spring_Skippable;2;0;2026-03-19
7821c757fb5cfbccf562;GID-700102;3;3;Mobile;60-69;ModeVerte_Spring_Masthead;1;0;2026-03-23
805207085ba06ee0bd6f;GID-700103;2;2;Mobile;30-39;ModeVerte_Eco_Denim_TrueView;1;0;2026-03-23
fce9ae88f75bd126313f;GID-700104;1;1;Mobile;40-49;ModeVerte_Spring_Skippable;1;0;2026-03-12
13dffd47d6e59c2543aa;GID-700105;5;5;Mobile;30-39;ModeVerte_Spring_Skippable;2;0;2026-03-20
318a3e71dd37dd7a67af;GID-700106;4;4;Mobile;30-39;ModeVerte_Spring_Skippable;3;0;2026-03-02
8bcf159621b9c1f1fe71;GID-700107;2;2;Mobile;30-39;ModeVerte_Spring_Skippable;2;0;2026-03-08
20ee81bc081b0dbe2747;GID-700108;2;2;Tablette;50-59;ModeVerte_Spring_Bumper;2;0;2026-03-02
ae12c263c251971add69;GID-700109;2;2;Desktop;20-29;ModeVerte_Spring_Masthead;0;0;2026-03-06
424277365b123dc7b364;GID-700110;2;2;Mobile;50-59;ModeVerte_Spring_Bumper;1;0;2026-03-09
83ad401e2a461eca7940;GID-700111;1;1;TV_Connectée;30-39;ModeVerte_Eco_Denim_TrueView;1;0;2026-03-30
2035af3b13c163306a3f;GID-700112;3;3;TV_Connectée;40-49;ModeVerte_Eco_Denim_TrueView;1;0;2026-03-09
912338e17226fd31bad4;GID-700113;8;6;Mobile;30-39;ModeVerte_Spring_Bumper;1;0;2026-03-03
fe46119eb7c7c9ce3fdb;GID-700114;2;2;Desktop;20-29;ModeVerte_Eco_Denim_TrueView;0;0;2026-03-02
97b9c8419b0782a01ed9;GID-700115;3;2;Mobile;20-29;ModeVerte_Eco_Denim_TrueView;2;1;2026-03-13
0bcc3d11ada47d8e2b56;GID-700116;6;3;Desktop;20-29;ModeVerte_Spring_Masthead;3;0;2026-03-09
4d4ea330d82f4d2396e7;GID-700117;8;2;Mobile;40-49;ModeVerte_Eco_Denim_TrueView;3;0;2026-03-10
7244cf3e5c121fe61f41;GID-700118;5;1;Mobile;30-39;ModeVerte_Eco_Denim_TrueView;0;0;2026-03-05
0e3c11050ca7aa63c32d;GID-700119;12;8;TV_Connectée;40-49;ModeVerte_Spring_Skippable;3;0;2026-03-19
2863332c0070547a57f8;GID-700120;2;2;Desktop;40-49;ModeVerte_Spring_Bumper;2;1;2026-03-11
e7fe7029f9eef42b598a;GID-700121;2;2;Mobile;40-49;ModeVerte_Spring_Bumper;2;0;2026-03-20
65e5ecf4f9929123a22c;GID-700122;3;3;Mobile;50-59;ModeVerte_Eco_Denim_TrueView;1;0;2026-03-30
aa80a4253fe837e4099a;GID-700123;8;3;Mobile;30-39;ModeVerte_Spring_Masthead;2;0;2026-03-29
b506a55f39a8ea20091f;GID-700124;1;1;Mobile;40-49;ModeVerte_Spring_Skippable;1;0;2026-03-21
35cb5dd750ec12ecd6b9;GID-700125;3;3;Tablette;30-39;ModeVerte_Spring_Masthead;3;0;2026-03-09
6d46a888c16e4a583ae7;GID-700126;1;1;Mobile;30-39;ModeVerte_Spring_Skippable;0;0;2026-03-26
bf4e168f06e4df766f15;GID-700127;2;2;Mobile;50-59;ModeVerte_Spring_Masthead;0;0;2026-03-23
a85cbedb5e42456ab853;GID-700128;4;4;Mobile;40-49;ModeVerte_Spring_Skippable;3;0;2026-03-30
1e280e6409f803adf755;GID-700129;1;1;TV_Connectée;40-49;ModeVerte_Eco_Denim_TrueView;1;0;2026-03-05
08fff571956ed2693422;GID-700130;2;1;Mobile;40-49;ModeVerte_Spring_Masthead;0;0;2026-03-11
9925769ee7c746dd8ad9;GID-700131;4;2;Mobile;50-59;ModeVerte_Eco_Denim_TrueView;2;0;2026-03-06
de81a06cf606be232c58;GID-700132;1;1;Mobile;40-49;ModeVerte_Spring_Skippable;1;0;2026-03-06
a9b3838e610257725db0;GID-700133;3;3;Mobile;40-49;ModeVerte_Spring_Skippable;2;0;2026-03-18
8d3a80fc085aab9e720b;GID-700134;2;2;Mobile;50-59;ModeVerte_Eco_Denim_TrueView;1;0;2026-03-08
35e0ea1dc70500c236ef;GID-700135;2;2;TV_Connectée;60-69;ModeVerte_Spring_Skippable;0;0;2026-03-05
71a8edfcca38a9478d7b;GID-700136;2;2;Tablette;20-29;ModeVerte_Spring_Skippable;1;0;2026-03-12
4b5f6854d1b6922fd3a6;GID-700137;8;7;Mobile;30-39;ModeVerte_Eco_Denim_TrueView;2;0;2026-03-12
803de5d2df665c427ef4;GID-700138;2;2;Mobile;30-39;ModeVerte_Spring_Bumper;1;0;2026-03-07
403f30d1617f95187320;GID-700139;3;3;Desktop;20-29;ModeVerte_Eco_Denim_TrueView;0;0;2026-03-28
f2580e885bce4b13876e;GID-700140;1;1;Desktop;60-69;ModeVerte_Spring_Masthead;0;0;2026-03-11
233e3dae3a635c9051a8;GID-700141;3;3;Desktop;40-49;ModeVerte_Spring_Masthead;0;0;2026-03-19
6d2e1371f8fa1783f2f3;GID-700142;5;5;Mobile;40-49;ModeVerte_Spring_Bumper;0;0;2026-03-29
e8e90e0702828e1c44f8;GID-700143;5;5;Mobile;60-69;ModeVerte_Spring_Masthead;0;0;2026-03-26
2dc72ef542b0a3460dd0;GID-700144;4;3;Desktop;30-39;ModeVerte_Spring_Skippable;1;0;2026-03-16
f94a8aff0ab3013b39c6;GID-700145;8;7;Mobile;40-49;ModeVerte_Spring_Skippable;2;0;2026-03-03
5e5017095ddad674c4eb;GID-700146;1;1;Desktop;20-29;ModeVerte_Spring_Bumper;0;0;2026-03-30
fa02c4ac59218fd4f8a0;GID-700147;5;5;Mobile;50-59;ModeVerte_Spring_Skippable;0;0;2026-03-22
84c6232a5bb97835c2c7;GID-700148;12;2;Mobile;20-29;ModeVerte_Spring_Bumper;3;0;2026-03-09
dacc03a27475bbe071cb;GID-700149;1;1;Mobile;50-59;ModeVerte_Spring_Bumper;1;0;2026-03-09
7f7aa39cdf3d740e72ea;GID-700150;4;2;Tablette;40-49;ModeVerte_Spring_Bumper;3;0;2026-03-18
58489e2e55e1357e8831;GID-700151;3;1;Mobile;50-59;ModeVerte_Spring_Skippable;0;0;2026-03-30
0ac05ecc4f430c542d6c;GID-700152;2;1;Mobile;30-39;ModeVerte_Spring_Masthead;2;0;2026-03-19
6f8dced122f50b0d0bd3;GID-700153;6;1;Mobile;40-49;ModeVerte_Spring_Bumper;1;0;2026-03-18
a71e75cca54f83eb1530;GID-700154;2;2;TV_Connectée;20-29;ModeVerte_Spring_Skippable;1;0;2026-03-11
09062e1d565cf95aae2f;GID-700155;2;2;Tablette;30-39;ModeVerte_Spring_Skippable;2;0;2026-03-08
8560351e60e315e99246;GID-700156;1;1;Mobile;30-39;ModeVerte_Eco_Denim_TrueView;1;0;2026-03-08
e7cef748623f16c92a17;GID-700157;3;2;Mobile;30-39;ModeVerte_Spring_Bumper;2;0;2026-03-29
d7057e25b7f25196d70d;GID-700158;6;5;Tablette;60-69;ModeVerte_Spring_Bumper;0;0;2026-03-27
f527902f6bc6746d1a91;GID-700159;1;1;Desktop;20-29;ModeVerte_Eco_Denim_TrueView;0;0;2026-03-24
7424e26a2666e0424aef;GID-700160;1;1;TV_Connectée;60-69;ModeVerte_Spring_Masthead;0;0;2026-03-09
25db70871764b10736ca;GID-700161;5;1;Mobile;30-39;ModeVerte_Spring_Bumper;1;0;2026-03-28
de4d86793a41c3771953;GID-700162;1;1;TV_Connectée;50-59;ModeVerte_Spring_Masthead;1;0;2026-03-24
8fa13dcb1af81df4b482;GID-700163;4;4;TV_Connectée;65+;ModeVerte_Eco_Denim_TrueView;0;0;2026-03-25
daa18a715c902d5b59d1;GID-700164;1;1;Mobile;40-49;ModeVerte_Spring_Masthead;0;0;2026-03-19
86eb430ec478c16552e5;GID-700165;6;2;Mobile;40-49;ModeVerte_Eco_Denim_TrueView;2;0;2026-03-25
50f508a5c4a8c0e7dc22;GID-700166;2;2;Mobile;40-49;ModeVerte_Spring_Bumper;0;0;2026-03-05
f62a8ebee9ea166ae755;GID-700167;4;3;TV_Connectée;50-59;ModeVerte_Spring_Masthead;3;0;2026-03-01
83d85e8bcf28cdf85a14;GID-700168;2;2;Mobile;65+;ModeVerte_Spring_Masthead;1;0;2026-03-06
691586946467af7e0ad6;GID-700169;3;1;Mobile;30-39;ModeVerte_Spring_Masthead;1;0;2026-03-13
ce0170d4a68996001853;GID-700170;3;3;Mobile;20-29;ModeVerte_Spring_Masthead;2;0;2026-03-02
7af6a50541bd6f1bbf13;GID-700171;5;5;Desktop;30-39;ModeVerte_Spring_Skippable;1;0;2026-03-16
b3ae97f471a2df70a040;GID-700172;1;1;Desktop;20-29;ModeVerte_Spring_Bumper;1;0;2026-03-12
eb28e467e3bac6f8c6cf;GID-700173;4;4;Desktop;40-49;ModeVerte_Eco_Denim_TrueView;1;0;2026-03-26
c0b1b1654ba6154d68ce;GID-700174;1;1;Mobile;30-39;ModeVerte_Eco_Denim_TrueView;1;0;2026-03-08
e875b58a271673ce4a03;GID-700175;1;1;Mobile;40-49;ModeVerte_Spring_Masthead;1;0;2026-03-18
46ea134dd4a83c5009c0;GID-700176;5;3;TV_Connectée;10-19;ModeVerte_Spring_Bumper;0;0;2026-03-25
682bf76ffbfcaf1588b5;GID-700177;1;1;Mobile;50-59;ModeVerte_Eco_Denim_TrueView;0;0;2026-03-03
bef840263071c4792d82;GID-700178;3;3;Mobile;40-49;ModeVerte_Spring_Masthead;2;1;2026-03-30
dcfbeb36f7d574d854b8;GID-700179;2;2;Desktop;65+;ModeVerte_Spring_Masthead;2;0;2026-03-22
476c3e4dbc48cdfc3c61;GID-700180;1;1;Mobile;40-49;ModeVerte_Spring_Skippable;1;0;2026-03-24
6de1697692ada03bca4f;GID-700181;5;1;Desktop;40-49;ModeVerte_Eco_Denim_TrueView;3;0;2026-03-15
08e5c75ed8546162f1c9;GID-700182;3;3;Tablette;50-59;ModeVerte_Spring_Skippable;0;0;2026-03-09
0802c6ca068965f11b25;GID-700183;1;1;TV_Connectée;30-39;ModeVerte_Spring_Masthead;0;1;2026-03-10
246523bc41f2af352c04;GID-700184;4;2;TV_Connectée;30-39;ModeVerte_Eco_Denim_TrueView;3;0;2026-03-06
9e3bc7e680ef3b3eef89;GID-700185;4;4;Desktop;30-39;ModeVerte_Spring_Bumper;2;0;2026-03-25
9c804382b6b611434863;GID-700186;1;1;Mobile;40-49;ModeVerte_Spring_Bumper;1;0;2026-03-19
f728c09fe591c430bf66;GID-700187;1;1;TV_Connectée;40-49;ModeVerte_Eco_Denim_TrueView;1;0;2026-03-16
ea4f6088e569189c4e39;GID-700188;2;2;Mobile;30-39;ModeVerte_Spring_Masthead;0;0;2026-03-11
8dc57e20c635148b423c;GID-700189;1;1;TV_Connectée;20-29;ModeVerte_Spring_Skippable;0;0;2026-03-10
be488b8fb83e7401055a;GID-700190;4;4;Mobile;20-29;ModeVerte_Eco_Denim_TrueView;2;0;2026-03-08
ac3c6d43958703a399de;GID-700191;1;1;Desktop;20-29;ModeVerte_Eco_Denim_TrueView;1;0;2026-03-25
19643d1d9f433255b917;GID-700192;6;4;Desktop;30-39;ModeVerte_Spring_Masthead;2;0;2026-03-29
d0e19d9b2dd9b396853c;GID-700193;2;2;Mobile;30-39;ModeVerte_Spring_Bumper;2;0;2026-03-29
81ea4a098560ca896fa1;GID-700194;2;2;Mobile;60-69;ModeVerte_Spring_Masthead;1;0;2026-03-21
1678b010c13e1bdf8ac8;GID-700195;1;1;Mobile;20-29;ModeVerte_Spring_Masthead;1;0;2026-03-22
fdd1b464e8d51d37d9cf;GID-700196;4;2;Mobile;40-49;ModeVerte_Eco_Denim_TrueView;1;0;2026-03-15
aa6d14c30b9c32996bf2;GID-700197;4;4;Desktop;40-49;ModeVerte_Spring_Masthead;2;0;2026-03-03
38c31fe8f6ca8e988be3;GID-700198;8;2;Desktop;50-59;ModeVerte_Spring_Masthead;3;0;2026-03-23
c7ee4504fc7fe029d2b4;GID-700199;1;1;Tablette;30-39;ModeVerte_Spring_Skippable;1;0;2026-03-11
dfe4efb8c0b51fb10cbd;GID-700200;2;2;Mobile;40-49;ModeVerte_Spring_Bumper;2;0;2026-03-19
2e95e0944ab589663e97;GID-700201;6;5;Desktop;40-49;ModeVerte_Eco_Denim_TrueView;3;0;2026-03-29
d31602890fbbab2e2df2;GID-700202;3;3;Desktop;20-29;ModeVerte_Spring_Bumper;0;0;2026-03-18
0594a78a88e617f73fa8;GID-700203;1;1;Desktop;30-39;ModeVerte_Spring_Skippable;1;0;2026-03-04
4c30b9522f51256d89aa;GID-700204;1;1;TV_Connectée;65+;ModeVerte_Eco_Denim_TrueView;0;0;2026-03-22
90b712ec9e52fa77e0dd;GID-700205;2;2;Mobile;40-49;ModeVerte_Spring_Masthead;2;0;2026-03-11
da96bb9a2a03da2ece0b;GID-700206;4;4;Desktop;40-49;ModeVerte_Spring_Skippable;0;0;2026-03-19
d29a0f4d1594aba16979;GID-700207;4;4;Mobile;30-39;ModeVerte_Eco_Denim_TrueView;1;0;2026-03-23
c3923e0afc5129f6529a;GID-700208;2;2;Desktop;50-59;ModeVerte_Eco_Denim_TrueView;1;0;2026-03-16
bec704a99a21e180cc91;GID-700209;2;2;Desktop;50-59;ModeVerte_Spring_Skippable;1;0;2026-03-20
4bead431b77931156cf9;GID-700210;1;1;Mobile;40-49;ModeVerte_Spring_Skippable;0;0;2026-03-15
b16479672d23e31f4c83;GID-700211;4;4;TV_Connectée;20-29;ModeVerte_Spring_Masthead;1;0;2026-03-09
f117f540aa2ccfd2b649;GID-700212;8;8;Mobile;20-29;ModeVerte_Eco_Denim_TrueView;3;0;2026-03-22
acd461d994d306ff1298;GID-700213;1;1;TV_Connectée;30-39;ModeVerte_Spring_Masthead;1;0;2026-03-26
6db55327cd3cc0ffc9f9;GID-700214;2;2;Mobile;50-59;ModeVerte_Spring_Skippable;1;1;2026-03-03
2b94873d8c687cbec0cf;GID-700215;1;1;TV_Connectée;30-39;ModeVerte_Spring_Skippable;1;0;2026-03-03
423891ab0ad1e686db74;GID-700216;1;1;Desktop;40-49;ModeVerte_Spring_Masthead;1;0;2026-03-19
2c925dae3678f22f1c13;GID-700217;2;2;Desktop;40-49;ModeVerte_Spring_Masthead;1;0;2026-03-14
08f0d0c3f976d09d418e;GID-700218;1;1;TV_Connectée;40-49;ModeVerte_Spring_Skippable;0;0;2026-03-30
79b86eaa511cedf3e354;GID-700219;2;2;Mobile;65+;ModeVerte_Spring_Skippable;0;0;2026-03-13
f922d796c641b5e7b155;GID-700220;1;1;Desktop;10-19;ModeVerte_Spring_Bumper;1;0;2026-03-13
9398e8da98b05d58dce3;GID-700221;2;2;Mobile;20-29;ModeVerte_Spring_Bumper;1;0;2026-03-24
bee547e85a1bdfde3cff;GID-700222;4;1;Mobile;30-39;ModeVerte_Eco_Denim_TrueView;1;0;2026-03-18
69542dc3c15334a47b9d;GID-700223;3;3;Mobile;20-29;ModeVerte_Eco_Denim_TrueView;2;0;2026-03-20
bc0f3f253d54208f9a82;GID-700224;8;2;Mobile;30-39;ModeVerte_Spring_Bumper;3;0;2026-03-22
c98c057d4001045dd919;GID-700225;1;1;Desktop;40-49;ModeVerte_Eco_Denim_TrueView;0;0;2026-03-21
456fccf77d997218d561;GID-700226;1;1;Mobile;65+;ModeVerte_Spring_Masthead;1;0;2026-03-06
7e80314b5faa9007979a;GID-700227;4;1;Mobile;30-39;ModeVerte_Spring_Masthead;0;0;2026-03-19
17632a0aa515eea6c1ae;GID-700228;3;3;TV_Connectée;20-29;ModeVerte_Spring_Bumper;0;0;2026-03-13
29a6c4a2e8f9ebeaca02;GID-700229;1;1;Mobile;40-49;ModeVerte_Spring_Skippable;1;0;2026-03-13
4ef1213a1e19e7c80d23;GID-700230;4;4;Mobile;30-39;ModeVerte_Spring_Skippable;2;0;2026-03-02
29907a06be1feb1ccf36;GID-700231;5;5;Mobile;50-59;ModeVerte_Spring_Bumper;3;0;2026-03-03
7e3571cdbf132136b959;GID-700232;4;4;Tablette;40-49;ModeVerte_Spring_Masthead;1;0;2026-03-21
8989a07e420d1ecda693;GID-700233;3;3;Desktop;20-29;ModeVerte_Eco_Denim_TrueView;3;0;2026-03-06
d706deaab5012f6c5c9d;GID-700234;2;1;Desktop;50-59;ModeVerte_Eco_Denim_TrueView;0;0;2026-03-11
2fb8abeec1cf9719e495;GID-700235;12;2;Desktop;30-39;ModeVerte_Spring_Masthead;2;0;2026-03-30
76d6ce0272e3798e1092;GID-700236;4;1;Mobile;50-59;ModeVerte_Spring_Skippable;1;0;2026-03-27
7af6da7d95d20b2ae25d;GID-700237;3;3;Mobile;40-49;ModeVerte_Spring_Bumper;3;0;2026-03-23
f9a89b0b31dea28e0370;GID-700238;3;1;Mobile;50-59;ModeVerte_Spring_Bumper;0;0;2026-03-27
d34a7534df2e44b54a2c;GID-700239;1;1;Desktop;65+;ModeVerte_Spring_Masthead;1;0;2026-03-28
9975c31b8dccaf9a7d41;GID-700240;3;2;Desktop;40-49;ModeVerte_Spring_Masthead;1;0;2026-03-24
63506d1bb3da32b9c0eb;GID-700241;4;4;Desktop;30-39;ModeVerte_Eco_Denim_TrueView;0;0;2026-03-03
dc1091ef8df1390b9e77;GID-700242;3;3;Desktop;40-49;ModeVerte_Spring_Bumper;1;0;2026-03-30
c6fd2c241be2baef161f;GID-700243;4;4;Mobile;65+;ModeVerte_Eco_Denim_TrueView;0;0;2026-03-05
ac68312d4382640b7df1;GID-700244;5;3;TV_Connectée;10-19;ModeVerte_Spring_Bumper;1;1;2026-03-07
88de32275ee413e6db59;GID-700245;3;3;Mobile;30-39;ModeVerte_Eco_Denim_TrueView;3;0;2026-03-08
b0adcd00f760abdf7db9;GID-700246;1;1;Desktop;20-29;ModeVerte_Spring_Masthead;1;0;2026-03-07
6f8022cfcf59ebe99c1f;GID-700247;8;8;Mobile;20-29;ModeVerte_Spring_Masthead;3;0;2026-03-22
c1eea35b46b1294f14ff;GID-700248;2;2;Mobile;40-49;ModeVerte_Spring_Bumper;0;0;2026-03-02
d635bbe4b2e055e74529;GID-700249;4;4;TV_Connectée;40-49;ModeVerte_Spring_Skippable;0;0;2026-03-04
ea3c932bbed08c9beabf;GID-700250;8;6;Mobile;20-29;ModeVerte_Spring_Skippable;2;0;2026-03-13
455d9e2ba63ae38bb23f;GID-700251;3;2;Desktop;60-69;ModeVerte_Spring_Skippable;3;0;2026-03-11
47e52fb8d1ffc2a89fa9;GID-700252;3;3;Mobile;60-69;ModeVerte_Spring_Skippable;1;0;2026-03-09
d10cf86f581f8b8566ac;GID-700253;2;2;TV_Connectée;40-49;ModeVerte_Eco_Denim_TrueView;0;0;2026-03-24
54ea46fe7fb2583a286c;GID-700254;5;5;Desktop;30-39;ModeVerte_Spring_Bumper;1;0;2026-03-10
867bd2213a72a4cb0e52;GID-700255;1;1;TV_Connectée;20-29;ModeVerte_Spring_Bumper;0;0;2026-03-15
d66e6535da1d7acf7609;GID-700256;8;7;Mobile;50-59;ModeVerte_Spring_Bumper;0;0;2026-03-28
9284700bf652b88e8766;GID-700257;3;3;Mobile;20-29;ModeVerte_Spring_Masthead;1;0;2026-03-01
5c28af4ab44d6bcf1290;GID-700258;3;3;Desktop;30-39;ModeVerte_Spring_Skippable;2;0;2026-03-08
921346bfd5aefe992d20;GID-700259;8;1;Mobile;30-39;ModeVerte_Spring_Masthead;3;1;2026-03-10
9865aff4ace7794b000f;GID-700260;1;1;Mobile;30-39;ModeVerte_Spring_Bumper;0;0;2026-03-20
f8cc785399ee9b8ea668;GID-700261;2;2;Tablette;50-59;ModeVerte_Eco_Denim_TrueView;0;0;2026-03-16
3f2e54369f1bc284f5bd;GID-700262;3;2;Desktop;30-39;ModeVerte_Spring_Skippable;3;0;2026-03-30
e607bec1745a41194e55;GID-700263;4;4;Mobile;30-39;ModeVerte_Spring_Masthead;1;0;2026-03-24
b1ae65af6c77f5aa194a;GID-700264;3;3;Desktop;40-49;ModeVerte_Spring_Masthead;2;0;2026-03-17
a8b5cede762b05066202;GID-700265;6;2;TV_Connectée;30-39;ModeVerte_Spring_Masthead;2;0;2026-03-15
06b99b439268969b36f1;GID-700266;2;2;Desktop;50-59;ModeVerte_Eco_Denim_TrueView;0;0;2026-03-20
5a21b296b5dd49d0efaa;GID-700267;5;5;Mobile;30-39;ModeVerte_Eco_Denim_TrueView;3;0;2026-03-11
82c86dd3cebf1eff0329;GID-700268;2;2;Mobile;50-59;ModeVerte_Spring_Masthead;2;0;2026-03-06
9c5d32059c61a95deb6a;GID-700269;2;2;Mobile;30-39;ModeVerte_Eco_Denim_TrueView;1;0;2026-03-29
2511794ee05515bc8a9e;GID-700270;2;2;Desktop;20-29;ModeVerte_Spring_Bumper;2;0;2026-03-22
ec8d274f50276e8ebdd3;GID-700271;1;1;Desktop;30-39;ModeVerte_Spring_Masthead;0;0;2026-03-21
736660c975ff523dee8d;GID-700272;2;2;Mobile;50-59;ModeVerte_Spring_Masthead;2;0;2026-03-04
a2d7209fcf980f0d0cab;GID-700273;2;2;Mobile;40-49;ModeVerte_Spring_Masthead;1;0;2026-03-24
619ee79a226f309bd1d2;GID-700274;6;6;Mobile;50-59;ModeVerte_Spring_Skippable;1;0;2026-03-05
d90f98d453f0af1c0106;GID-700275;1;1;Mobile;40-49;ModeVerte_Spring_Masthead;0;0;2026-03-29
1ebcb9acac03364a9588;GID-700276;1;1;TV_Connectée;30-39;ModeVerte_Eco_Denim_TrueView;1;0;2026-03-07
bbbca3976e1ce8a76631;GID-700277;8;7;TV_Connectée;20-29;ModeVerte_Spring_Bumper;1;0;2026-03-22
24e64d67f3d77aa82088;GID-700278;4;4;Mobile;40-49;ModeVerte_Eco_Denim_TrueView;2;0;2026-03-13
391ea5e8b646bcdcefc6;GID-700279;3;3;Mobile;30-39;ModeVerte_Spring_Bumper;3;0;2026-03-28
ce10afc4c50fc6d6b586;GID-700280;5;5;Mobile;30-39;ModeVerte_Eco_Denim_TrueView;1;0;2026-03-02
aeb5bb7d9307665907f7;GID-700281;3;3;TV_Connectée;65+;ModeVerte_Eco_Denim_TrueView;3;0;2026-03-24
16ac2b8ee5a2e4102629;GID-700282;1;1;Mobile;60-69;ModeVerte_Spring_Masthead;0;0;2026-03-19
d6f2907e52c7956bb4a5;GID-700283;5;5;Desktop;20-29;ModeVerte_Spring_Masthead;0;0;2026-03-22
5154c94b3bfd2de95e0b;GID-700284;2;1;Mobile;65+;ModeVerte_Spring_Skippable;0;0;2026-03-13
314657ccc71c0799aa1b;GID-700285;6;3;Desktop;40-49;ModeVerte_Eco_Denim_TrueView;2;0;2026-03-23
bffc65924b84830294fc;GID-700286;1;1;Mobile;20-29;ModeVerte_Spring_Skippable;1;0;2026-03-12
583bf1ba18b7150771b0;GID-700287;3;3;Desktop;40-49;ModeVerte_Spring_Skippable;0;0;2026-03-24
7543918890791a50245d;GID-700288;2;2;Mobile;10-19;ModeVerte_Spring_Bumper;1;0;2026-03-19
d01750204d714630b72f;GID-700289;5;5;Mobile;60-69;ModeVerte_Spring_Skippable;2;0;2026-03-03
a476688783de80bf28eb;GID-700290;1;1;Mobile;50-59;ModeVerte_Spring_Masthead;0;0;2026-03-11
a5530761dab943ee89e6;GID-700291;4;4;Mobile;20-29;ModeVerte_Spring_Bumper;2;0;2026-03-21
bd4afd50f8f9fccdd315;GID-700292;1;1;Mobile;20-29;ModeVerte_Spring_Skippable;0;0;2026-03-23
895952e9fe042642c9e1;GID-700293;5;2;Mobile;50-59;ModeVerte_Spring_Bumper;0;0;2026-03-14
d09261709a15f3ec5951;GID-700294;2;1;Mobile;65+;ModeVerte_Spring_Bumper;1;0;2026-03-18
bfef396cdee362127932;GID-700295;5;3;Mobile;40-49;ModeVerte_Spring_Skippable;2;0;2026-03-11
ebf3d2efcaf02cdf214e;GID-700296;8;4;Desktop;50-59;ModeVerte_Eco_Denim_TrueView;0;0;2026-03-06
0286d8c35e3d3648c691;GID-700297;3;3;Mobile;50-59;ModeVerte_Spring_Skippable;2;0;2026-03-29
d6c3bd314713a7f243ac;GID-700298;3;3;Mobile;40-49;ModeVerte_Eco_Denim_TrueView;0;0;2026-03-18
fe9fb7b3c00d50f8601b;GID-700299;2;2;Mobile;50-59;ModeVerte_Eco_Denim_TrueView;0;0;2026-03-18
d28d0c5840b00ad106c3;GID-700300;8;6;Mobile;20-29;ModeVerte_Spring_Masthead;3;0;2026-03-12
a4c9ed031756796205b7;GID-700301;5;5;Desktop;40-49;ModeVerte_Spring_Skippable;0;0;2026-03-25
02ccbf8874fd81db9dbb;GID-700302;2;2;Desktop;30-39;ModeVerte_Eco_Denim_TrueView;2;0;2026-03-21
308b80dbc3532989df68;GID-700303;1;1;Tablette;40-49;ModeVerte_Spring_Skippable;0;0;2026-03-10
6b485aed1d01033b1f29;GID-700304;3;3;TV_Connectée;40-49;ModeVerte_Spring_Bumper;1;0;2026-03-26
1f36a1551c5f9d1238a8;GID-700305;2;2;Mobile;40-49;ModeVerte_Spring_Bumper;0;0;2026-03-25
5f11d548bdd76c772be1;GID-700306;3;3;Mobile;65+;ModeVerte_Spring_Skippable;2;1;2026-03-04
625de18ee53d7c26b6df;GID-700307;1;1;Mobile;30-39;ModeVerte_Spring_Skippable;1;0;2026-03-30
ed159a5a2712240f5afb;GID-700308;2;2;Mobile;30-39;ModeVerte_Spring_Skippable;1;0;2026-03-04
6d1093117e5733fcea74;GID-700309;3;3;Desktop;30-39;ModeVerte_Spring_Skippable;2;0;2026-03-14
87c700ac9e3e024f4555;GID-700310;2;2;Desktop;30-39;ModeVerte_Spring_Masthead;2;0;2026-03-02
bd677715bc8870e79a4b;GID-700311;2;2;Tablette;50-59;ModeVerte_Eco_Denim_TrueView;0;0;2026-03-18
d4cfa8e49cbf56050acf;GID-700312;2;2;TV_Connectée;40-49;ModeVerte_Spring_Masthead;2;0;2026-03-20
e54c9a909751fc0f15f6;GID-700313;5;5;Desktop;20-29;ModeVerte_Spring_Skippable;1;0;2026-03-11
bcb762eb37d4af99c778;GID-700314;5;5;Mobile;50-59;ModeVerte_Eco_Denim_TrueView;1;0;2026-03-18
707604182ef211cc585a;GID-700315;6;2;Mobile;30-39;ModeVerte_Eco_Denim_TrueView;0;0;2026-03-11
982c825ea050c9636908;GID-700316;3;3;Mobile;65+;ModeVerte_Spring_Bumper;2;0;2026-03-12
b19f0223ea3887d9e701;GID-700317;2;2;Desktop;20-29;ModeVerte_Eco_Denim_TrueView;2;0;2026-03-26
95532d4803e4c1a8e4c0;GID-700318;1;1;Desktop;40-49;ModeVerte_Spring_Masthead;1;0;2026-03-25
cc1e7d12e95d0de3ad8e;GID-700319;1;1;TV_Connectée;20-29;ModeVerte_Eco_Denim_TrueView;1;0;2026-03-23
8b03f912c7530df31584;GID-700320;3;3;TV_Connectée;60-69;ModeVerte_Spring_Skippable;3;0;2026-03-04
ccca2216b0ca95bf23a7;GID-700321;1;1;Mobile;30-39;ModeVerte_Spring_Skippable;0;0;2026-03-15
c2d7cdfdc9dcf1a32c6f;GID-700322;6;2;Tablette;40-49;ModeVerte_Spring_Bumper;0;0;2026-03-18
f0ab76bdb3dc8fed852d;GID-700323;1;1;Desktop;20-29;ModeVerte_Spring_Bumper;0;0;2026-03-10
d92b281eb8d5fbdfb0fe;GID-700324;2;2;Mobile;20-29;ModeVerte_Eco_Denim_TrueView;0;0;2026-03-09
06a2404c8a0d24b67312;GID-700325;2;2;Mobile;40-49;ModeVerte_Eco_Denim_TrueView;0;0;2026-03-05
2258d99c8658ee9d3b2c;GID-700326;1;1;Mobile;65+;ModeVerte_Spring_Bumper;1;0;2026-03-17
8f220a606e01d01de8ce;GID-700327;6;5;Desktop;40-49;ModeVerte_Eco_Denim_TrueView;2;0;2026-03-21
bb03f689a83050b98b76;GID-700328;2;2;Mobile;20-29;ModeVerte_Spring_Skippable;1;0;2026-03-21
67212de82fae7a4a1620;GID-700329;6;6;Desktop;65+;ModeVerte_Spring_Skippable;3;0;2026-03-03
ade4e95c7b2fd130a456;GID-700330;1;1;Mobile;50-59;ModeVerte_Spring_Masthead;1;0;2026-03-13
74d0ddaad7c5afae4bce;GID-700331;2;2;TV_Connectée;20-29;ModeVerte_Spring_Masthead;0;0;2026-03-11
6ea985545ec3d995f56e;GID-700332;2;2;Mobile;40-49;ModeVerte_Eco_Denim_TrueView;2;0;2026-03-10
bd179b5752c769de49bb;GID-700333;3;2;Desktop;30-39;ModeVerte_Spring_Bumper;3;0;2026-03-12
e1391a670c28c2ad7796;GID-700334;3;3;Mobile;40-49;ModeVerte_Spring_Bumper;0;0;2026-03-17
486b6a18aac0adf01520;GID-700335;3;3;TV_Connectée;20-29;ModeVerte_Eco_Denim_TrueView;2;0;2026-03-26
066d3c419b061f29bd7b;GID-700336;4;4;Mobile;65+;ModeVerte_Spring_Skippable;3;0;2026-03-06
2b2106cd72ee738ee31b;GID-700337;2;2;Desktop;50-59;ModeVerte_Spring_Skippable;0;0;2026-03-10
e4b3f0fd2bb74153db0f;GID-700338;2;2;Mobile;65+;ModeVerte_Spring_Masthead;1;0;2026-03-12
c007b336a3bca0bbe146;GID-700339;2;2;Mobile;20-29;ModeVerte_Spring_Bumper;0;0;2026-03-07
d993a5aaede9f22f64fc;GID-700340;1;1;Mobile;60-69;ModeVerte_Spring_Masthead;0;0;2026-03-04
7350859a4b5a8018d697;GID-700341;5;3;Mobile;20-29;ModeVerte_Spring_Masthead;1;0;2026-03-12
31ce5fa5098a308dd943;GID-700342;5;1;Mobile;60-69;ModeVerte_Spring_Masthead;1;0;2026-03-12
cfaff512ee687a4f4943;GID-700343;4;4;Mobile;40-49;ModeVerte_Spring_Bumper;1;0;2026-03-16
fa831ba46076b5a101bb;GID-700344;2;2;Desktop;65+;ModeVerte_Eco_Denim_TrueView;2;0;2026-03-06
ddcf02d7dca831a52b63;GID-700345;8;8;Desktop;20-29;ModeVerte_Spring_Bumper;3;0;2026-03-08
2d8b993ded24c95d5737;GID-700346;1;1;Mobile;20-29;ModeVerte_Eco_Denim_TrueView;1;0;2026-03-14
8a0e2742e12f7554a071;GID-700347;2;2;TV_Connectée;30-39;ModeVerte_Spring_Masthead;1;0;2026-03-11
fed90ac040bb0f37ba7c;GID-700348;3;3;Mobile;65+;ModeVerte_Spring_Bumper;2;0;2026-03-23
3fcb6413ab6c9a5f14bc;GID-700349;2;2;Desktop;40-49;ModeVerte_Eco_Denim_TrueView;1;0;2026-03-26
2c6123195367158aab30;GID-700350;3;3;Mobile;20-29;ModeVerte_Eco_Denim_TrueView;2;0;2026-03-28
54215d1e2d72314dfdc5;GID-700351;4;4;Desktop;65+;ModeVerte_Spring_Bumper;3;1;2026-03-29
6cec67157a1a786ef475;GID-700352;3;3;TV_Connectée;30-39;ModeVerte_Spring_Skippable;1;0;2026-03-21
fa92990221b47b786527;GID-700353;1;1;Mobile;20-29;ModeVerte_Spring_Skippable;1;0;2026-03-23
0275bb510c2283f5673b;GID-700354;2;2;Mobile;60-69;ModeVerte_Spring_Bumper;0;0;2026-03-08
1fc9f57caaed39165ef2;GID-700355;1;1;Desktop;30-39;ModeVerte_Spring_Skippable;0;0;2026-03-26
3c18a857b6f9b4958f11;GID-700356;2;2;Mobile;50-59;ModeVerte_Eco_Denim_TrueView;0;1;2026-03-27
49d9a4b24c9921a12fa2;GID-700357;3;3;TV_Connectée;50-59;ModeVerte_Spring_Bumper;0;0;2026-03-28
78db25276bc7002e630c;GID-700358;1;1;Mobile;65+;ModeVerte_Eco_Denim_TrueView;0;0;2026-03-29
88d386634f4448174a36;GID-700359;2;2;Mobile;65+;ModeVerte_Spring_Skippable;0;0;2026-03-26
eece00dd0b6f185cb338;GID-700360;4;3;Desktop;65+;ModeVerte_Spring_Bumper;3;0;2026-03-01
3a5d5742baa40da809fe;GID-700361;2;2;Mobile;40-49;ModeVerte_Spring_Bumper;0;0;2026-03-02
30fd0b89b3b051828855;GID-700362;2;2;Tablette;60-69;ModeVerte_Spring_Bumper;1;0;2026-03-18
c9f9ac63d638e25da589;GID-700363;1;1;Desktop;65+;ModeVerte_Spring_Skippable;0;0;2026-03-23
cb105505094c1ecd8e92;GID-700364;2;2;Tablette;10-19;ModeVerte_Spring_Skippable;0;0;2026-03-05
f7b69a5a439d61197023;GID-700365;2;2;Mobile;60-69;ModeVerte_Spring_Skippable;1;0;2026-03-20
4d0def0a7336c6022e18;GID-700366;1;1;Desktop;50-59;ModeVerte_Spring_Masthead;0;0;2026-03-17
19a21abd03390957ceb6;GID-700367;5;5;Mobile;40-49;ModeVerte_Spring_Skippable;1;0;2026-03-13
240471a46ca2c7ee0967;GID-700368;2;2;Mobile;50-59;ModeVerte_Spring_Skippable;1;0;2026-03-13
ee6fe195509122f9cc89;GID-700369;1;1;Tablette;65+;ModeVerte_Eco_Denim_TrueView;0;0;2026-03-16
d97122c1bfc349b1089f;GID-700370;6;1;Desktop;65+;ModeVerte_Spring_Bumper;0;1;2026-03-19
b2294fb103380c417021;GID-700371;6;6;Mobile;30-39;ModeVerte_Spring_Bumper;3;0;2026-03-26
f0c1b0e15fb02e32fc74;GID-700372;5;5;Mobile;50-59;ModeVerte_Eco_Denim_TrueView;2;0;2026-03-21
e0be3247d00cab2ae044;GID-700373;3;3;Mobile;65+;ModeVerte_Spring_Skippable;1;0;2026-03-21
cb9dc1fb4782b5d71242;GID-700374;1;1;Mobile;40-49;ModeVerte_Spring_Bumper;0;0;2026-03-04
2b65200f582987cb5c15;GID-700375;1;1;Mobile;65+;ModeVerte_Spring_Masthead;0;0;2026-03-22
a1786ffece2ca580e81c;GID-700376;1;1;Desktop;30-39;ModeVerte_Eco_Denim_TrueView;1;0;2026-03-28
cd6d2ccf1239d0a6958a;GID-700377;2;2;Desktop;40-49;ModeVerte_Spring_Masthead;2;0;2026-03-17
8dde6d06841848498464;GID-700378;2;2;Mobile;50-59;ModeVerte_Spring_Masthead;1;0;2026-03-02
aaab7076cd2236a6661b;GID-700379;1;1;Mobile;40-49;ModeVerte_Eco_Denim_TrueView;1;0;2026-03-20
43f9ab2b1b007fac70e1;GID-700380;2;2;Desktop;50-59;ModeVerte_Spring_Masthead;2;0;2026-03-12
87330d9163627db93473;GID-700381;1;1;Mobile;50-59;ModeVerte_Eco_Denim_TrueView;0;1;2026-03-02
e008f9c51377ccfeae0a;GID-700382;3;3;Mobile;30-39;ModeVerte_Spring_Skippable;0;0;2026-03-07
ae80b3af7b1b34d007e8;GID-700383;5;1;Desktop;40-49;ModeVerte_Spring_Masthead;1;0;2026-03-19
67a24292038af3a10fe6;GID-700384;1;1;Mobile;50-59;ModeVerte_Eco_Denim_TrueView;1;0;2026-03-25
031763390e6523c6e2bf;GID-700385;1;1;Mobile;30-39;ModeVerte_Spring_Bumper;0;0;2026-03-10
f6e26039586f5210fea3;GID-700386;2;2;Mobile;40-49;ModeVerte_Eco_Denim_TrueView;0;0;2026-03-30
867822f2b50d0d009aa2;GID-700387;4;3;Mobile;20-29;ModeVerte_Eco_Denim_TrueView;3;0;2026-03-13
e5e96afe726548a4ca6a;GID-700388;5;5;Mobile;50-59;ModeVerte_Spring_Skippable;1;0;2026-03-04
4cc548011e6b3e46ca29;GID-700389;1;1;Mobile;40-49;ModeVerte_Spring_Skippable;1;0;2026-03-16
6168fd83369b63603aef;GID-700390;2;2;TV_Connectée;40-49;ModeVerte_Spring_Masthead;0;0;2026-03-09
c578ca059fbfe3357116;GID-700391;3;3;Desktop;20-29;ModeVerte_Eco_Denim_TrueView;3;1;2026-03-23
2fd2104e5b2bf8d5c85e;GID-700392;5;5;Mobile;40-49;ModeVerte_Spring_Bumper;2;0;2026-03-12
3e5fcab7f58deee43aff;GID-700393;3;3;Mobile;30-39;ModeVerte_Spring_Bumper;2;0;2026-03-26
697c8290825ca2847317;GID-700394;1;1;Desktop;30-39;ModeVerte_Eco_Denim_TrueView;1;0;2026-03-01
55e5d40dfc7615961f1a;GID-700395;12;7;Mobile;40-49;ModeVerte_Spring_Skippable;1;0;2026-03-14
7a975d82fb10540f7b8f;GID-700396;2;2;Mobile;20-29;ModeVerte_Eco_Denim_TrueView;1;0;2026-03-07
0d336eec0c3421c0166c;GID-700397;2;2;Desktop;40-49;ModeVerte_Spring_Skippable;1;0;2026-03-19
817af8f3da39a2c84bb6;GID-700398;2;2;Mobile;60-69;ModeVerte_Spring_Masthead;0;0;2026-03-23
2455a9ea78fcbd7e4611;GID-700399;2;2;Mobile;40-49;ModeVerte_Eco_Denim_TrueView;2;0;2026-03-17
3f12529653b572dba1f9;GID-700400;3;3;Mobile;20-29;ModeVerte_Spring_Skippable;0;0;2026-03-16
e3afc61151574dd1131e;GID-700401;1;1;Mobile;65+;ModeVerte_Spring_Masthead;1;0;2026-03-09
47dd2432d9c575c94d4d;GID-700402;6;4;Tablette;40-49;ModeVerte_Eco_Denim_TrueView;0;0;2026-03-15
e1c0061b1cdedd99d458;GID-700403;6;5;Mobile;50-59;ModeVerte_Spring_Skippable;0;0;2026-03-27
92c96aa37c8c3eb8a2c6;GID-700404;4;4;Mobile;65+;ModeVerte_Spring_Skippable;2;0;2026-03-11
196d664d5dffefa48a8b;GID-700405;3;2;TV_Connectée;50-59;ModeVerte_Spring_Skippable;3;0;2026-03-07
77400a65bcbf27b55175;GID-700406;2;2;TV_Connectée;30-39;ModeVerte_Spring_Bumper;2;0;2026-03-15
8ce7912d0b35e5a5a376;GID-700407;6;4;Mobile;30-39;ModeVerte_Spring_Bumper;0;0;2026-03-22
f858660a9c45f8c4b2e5;GID-700408;4;4;Mobile;40-49;ModeVerte_Spring_Bumper;0;0;2026-03-27
0f3b4612969c3912bdee;GID-700409;8;6;Tablette;30-39;ModeVerte_Eco_Denim_TrueView;2;0;2026-03-16
2df59a9a73bea22fd8bb;GID-700410;1;1;Mobile;40-49;ModeVerte_Spring_Masthead;0;0;2026-03-03
cc8556f528ed3f8bbef9;GID-700411;5;5;Desktop;50-59;ModeVerte_Spring_Bumper;2;0;2026-03-23
cad1da66d628ad64ed3a;GID-700412;1;1;Mobile;40-49;ModeVerte_Spring_Masthead;0;0;2026-03-09
2bedfd80b3d00b74232e;GID-700413;5;5;Mobile;50-59;ModeVerte_Eco_Denim_TrueView;3;0;2026-03-16
44a172ae900c86eabda2;GID-700414;1;1;TV_Connectée;20-29;ModeVerte_Spring_Skippable;1;0;2026-03-17
23ca0c5e2a873a9dfcf3;GID-700415;6;2;TV_Connectée;10-19;ModeVerte_Eco_Denim_TrueView;2;0;2026-03-05
0ed830b57c1914ffd760;GID-700416;2;2;Mobile;50-59;ModeVerte_Spring_Skippable;2;0;2026-03-26
b259865450bce857e1e5;GID-700417;4;4;Desktop;30-39;ModeVerte_Eco_Denim_TrueView;2;0;2026-03-08
f78cfea72fb0f2e7bcda;GID-700418;1;1;TV_Connectée;50-59;ModeVerte_Spring_Masthead;0;0;2026-03-16
86b825b0fd4056ec9e58;GID-700419;4;4;Mobile;40-49;ModeVerte_Spring_Masthead;0;0;2026-03-14
3c8d2c0a432846261e75;GID-700420;2;2;Desktop;40-49;ModeVerte_Spring_Skippable;2;0;2026-03-21
d25c954d0eb4ed7b736f;GID-700421;6;4;Mobile;20-29;ModeVerte_Spring_Masthead;3;0;2026-03-30
c94c41353d2c7439584d;GID-700422;4;1;Desktop;30-39;ModeVerte_Eco_Denim_TrueView;0;0;2026-03-21
70e57efc544f8f69751f;GID-700423;3;3;Mobile;40-49;ModeVerte_Eco_Denim_TrueView;3;0;2026-03-19
29f16fa39ee48c20972b;GID-700424;1;1;Mobile;20-29;ModeVerte_Spring_Masthead;0;0;2026-03-25
d4ae698f460d95719d41;GID-700425;4;4;Mobile;30-39;ModeVerte_Eco_Denim_TrueView;2;0;2026-03-28
7d25c4bd32e564a2ee4a;GID-700426;5;5;Mobile;40-49;ModeVerte_Eco_Denim_TrueView;1;0;2026-03-09
d9d34bf0678f754c4517;GID-700427;2;2;Desktop;40-49;ModeVerte_Spring_Masthead;0;0;2026-03-02
94499b27a24c9075b4c5;GID-700428;5;5;Mobile;50-59;ModeVerte_Spring_Masthead;0;0;2026-03-08
75bc86fe1a65e06a4c65;GID-700429;2;1;Mobile;30-39;ModeVerte_Spring_Skippable;2;0;2026-03-19
3f647a74d6fb8ac55ab2;GID-700430;1;1;Mobile;50-59;ModeVerte_Spring_Masthead;0;0;2026-03-13
01781ff92d1a2384e430;GID-700431;4;4;Mobile;30-39;ModeVerte_Spring_Skippable;2;0;2026-03-19
9d48450f2710312709d7;GID-700432;3;3;Mobile;40-49;ModeVerte_Eco_Denim_TrueView;1;0;2026-03-17
765bac7d07db91102176;GID-700433;2;2;Mobile;40-49;ModeVerte_Spring_Masthead;0;0;2026-03-13
6f177f9ba77dfa89f5c7;GID-700434;2;2;Desktop;40-49;ModeVerte_Spring_Skippable;2;0;2026-03-03
38054c5ab4ce3fce334d;GID-700435;4;4;TV_Connectée;50-59;ModeVerte_Spring_Bumper;3;0;2026-03-21
707f3990d25fa126b51a;GID-700436;3;1;TV_Connectée;30-39;ModeVerte_Eco_Denim_TrueView;1;0;2026-03-20
1d7fa0ff668538b33cf7;GID-700437;1;1;Mobile;65+;ModeVerte_Spring_Masthead;0;0;2026-03-22
12c2850058d20200cb38;GID-700438;6;4;Mobile;65+;ModeVerte_Spring_Bumper;0;0;2026-03-27
c6e9b25c150bd37460e1;GID-700439;1;1;Mobile;30-39;ModeVerte_Spring_Bumper;1;0;2026-03-16
ba083427eb4f05dd6ca2;GID-700440;8;8;TV_Connectée;20-29;ModeVerte_Spring_Skippable;2;0;2026-03-04
2518a548a5572a54e315;GID-700441;1;1;Mobile;50-59;ModeVerte_Spring_Bumper;0;0;2026-03-06
53f83285f0ab1b7588ee;GID-700442;1;1;Desktop;20-29;ModeVerte_Spring_Bumper;0;0;2026-03-08
9abd837877fd0d6f488d;GID-700443;4;4;Mobile;50-59;ModeVerte_Spring_Bumper;0;1;2026-03-05
90ad5e27b28c2cd19786;GID-700444;2;2;Mobile;50-59;ModeVerte_Eco_Denim_TrueView;0;0;2026-03-16
619c7cc96f8fb29521ac;GID-700445;3;3;Desktop;20-29;ModeVerte_Spring_Bumper;2;0;2026-03-05
95070694c83f3e5d14ca;GID-700446;1;1;TV_Connectée;65+;ModeVerte_Spring_Masthead;1;0;2026-03-21
8c051a5d56868eab9fe3;GID-700447;4;4;Desktop;50-59;ModeVerte_Eco_Denim_TrueView;2;0;2026-03-18
fd413fd724cabbaef473;GID-700448;4;4;Mobile;30-39;ModeVerte_Eco_Denim_TrueView;1;0;2026-03-07
c832617f7e233ae5e422;GID-700449;1;1;Desktop;30-39;ModeVerte_Spring_Bumper;0;0;2026-03-04
a4e975698a0e2934fff1;GID-700450;1;1;Mobile;60-69;ModeVerte_Spring_Bumper;0;0;2026-03-04
4419819aa9f2b21991c9;GID-700451;1;1;Mobile;40-49;ModeVerte_Spring_Bumper;1;0;2026-03-11
5e543b9b7a0370bf3441;GID-700452;2;2;Mobile;40-49;ModeVerte_Spring_Skippable;0;0;2026-03-17
dc86efe3188bf58fe976;GID-700453;1;1;TV_Connectée;30-39;ModeVerte_Spring_Skippable;1;0;2026-03-05
1ff1875caf195bfab77c;GID-700454;5;5;Mobile;65+;ModeVerte_Spring_Skippable;2;0;2026-03-11
8de444bd3216ac8da716;GID-700455;1;1;TV_Connectée;30-39;ModeVerte_Spring_Masthead;1;0;2026-03-04
491a5f8aae8832d79bb1;GID-700456;8;4;Mobile;40-49;ModeVerte_Spring_Skippable;3;0;2026-03-20
6bbaa0b2b710b7ebb334;GID-700457;5;1;Desktop;50-59;ModeVerte_Spring_Skippable;1;0;2026-03-06
14055b51a28c54a07ee0;GID-700458;2;2;Mobile;30-39;ModeVerte_Spring_Masthead;1;0;2026-03-20
d9977548620328b3c694;GID-700459;4;4;Mobile;40-49;ModeVerte_Spring_Skippable;1;0;2026-03-26
0dd48938ead28b4d0e80;GID-700460;2;2;Mobile;30-39;ModeVerte_Spring_Skippable;0;0;2026-03-21
273fccdf4294d2a75ebe;GID-700461;1;1;Mobile;20-29;ModeVerte_Eco_Denim_TrueView;0;0;2026-03-02
8a89c5a8fe46b2698741;GID-700462;2;2;Mobile;40-49;ModeVerte_Spring_Skippable;0;0;2026-03-10
566a2ce9f69be0131203;GID-700463;2;2;Mobile;60-69;ModeVerte_Spring_Bumper;1;0;2026-03-12
7ecb5927ba64b81eb4ea;GID-700464;3;1;Mobile;30-39;ModeVerte_Spring_Bumper;1;0;2026-03-04
7130c84dfda535d8d1fd;GID-700465;3;3;Mobile;60-69;ModeVerte_Eco_Denim_TrueView;3;0;2026-03-26
82fcbe0c3c13a9592d77;GID-700466;3;3;Mobile;40-49;ModeVerte_Spring_Masthead;1;0;2026-03-06
090ca0da48d51b4991c1;GID-700467;2;2;Tablette;30-39;ModeVerte_Spring_Masthead;0;0;2026-03-14
a99a4be9d5b79e897e98;GID-700468;1;1;Mobile;30-39;ModeVerte_Eco_Denim_TrueView;1;1;2026-03-25
63b9c85668ea8ef5ce87;GID-700469;1;1;TV_Connectée;50-59;ModeVerte_Spring_Skippable;0;0;2026-03-23
e37bbc0587c23ce64375;GID-700470;3;2;Tablette;10-19;ModeVerte_Spring_Skippable;2;0;2026-03-23
aed0f391247fa8673ad5;GID-700471;2;2;Mobile;20-29;ModeVerte_Spring_Skippable;0;0;2026-03-20
611d92bcbf5286917b06;GID-700472;2;2;Mobile;60-69;ModeVerte_Eco_Denim_TrueView;0;0;2026-03-16
72603bfd1206fb7e48c1;GID-700473;5;4;Mobile;20-29;ModeVerte_Spring_Skippable;3;0;2026-03-19
a2505bcfa8ceb328fd6d;GID-700474;1;1;Mobile;40-49;ModeVerte_Spring_Masthead;1;0;2026-03-05
8408d7f8b3e317180878;GID-700475;3;3;Mobile;50-59;ModeVerte_Spring_Bumper;2;0;2026-03-05
098e80554412dc8942b8;GID-700476;2;2;Desktop;30-39;ModeVerte_Eco_Denim_TrueView;0;0;2026-03-05
2f47f82a1b1c00ae09d0;GID-700477;1;1;TV_Connectée;40-49;ModeVerte_Spring_Masthead;0;0;2026-03-30
a4eeb3469df18b5cd73c;GID-700478;3;3;Desktop;30-39;ModeVerte_Eco_Denim_TrueView;3;0;2026-03-11
5af7f0ffe903384c771d;GID-700479;3;3;Mobile;50-59;ModeVerte_Spring_Skippable;2;0;2026-03-01
4179be4589322123e394;GID-700480;3;3;TV_Connectée;60-69;ModeVerte_Spring_Masthead;2;0;2026-03-20
16415bce5517487bcf97;GID-700481;1;1;Tablette;60-69;ModeVerte_Spring_Masthead;1;0;2026-03-04
35a9fa0e96a40f7c142a;GID-700482;2;2;Mobile;40-49;ModeVerte_Eco_Denim_TrueView;1;0;2026-03-23
13ce3eeac84bf73bd4e9;GID-700483;2;2;Mobile;20-29;ModeVerte_Spring_Skippable;1;0;2026-03-11
48155ac11d876fef460e;GID-700484;6;5;Desktop;30-39;ModeVerte_Spring_Skippable;1;0;2026-03-14
102bfc44725cef0a9e21;GID-700485;1;1;Desktop;40-49;ModeVerte_Spring_Bumper;0;0;2026-03-21
63108ec44c67c909f700;GID-700486;6;2;Mobile;40-49;ModeVerte_Spring_Masthead;0;0;2026-03-08
aaba60fa30f376d2f6d5;GID-700487;2;2;Desktop;50-59;ModeVerte_Spring_Skippable;2;0;2026-03-02
dc719767cd1261d88617;GID-700488;1;1;Mobile;20-29;ModeVerte_Spring_Masthead;1;0;2026-03-26
bc38bd6208ca3ace92da;GID-700489;3;3;Mobile;20-29;ModeVerte_Spring_Skippable;0;1;2026-03-02
7f88d6bbabb1fa4adfb6;GID-700490;2;2;Mobile;40-49;ModeVerte_Eco_Denim_TrueView;2;0;2026-03-28
1fd0116db5336371e227;GID-700491;5;5;Mobile;20-29;ModeVerte_Spring_Bumper;2;0;2026-03-18
78871a91fb757a64ddfd;GID-700492;2;2;Mobile;20-29;ModeVerte_Spring_Masthead;1;0;2026-03-29
8473be2ab9b303323764;GID-700493;2;2;Mobile;20-29;ModeVerte_Spring_Skippable;2;0;2026-03-14
535c5d556387e1b53d22;GID-700494;3;2;Mobile;30-39;ModeVerte_Spring_Bumper;0;0;2026-03-03
f18fe0bde14129e6e9d3;GID-700495;5;5;Mobile;40-49;ModeVerte_Spring_Skippable;0;0;2026-03-06
3a86e39be4e641d7f6fc;GID-700496;2;2;Mobile;20-29;ModeVerte_Spring_Masthead;0;0;2026-03-01
b3df9a7810f07932d26b;GID-700497;2;2;TV_Connectée;50-59;ModeVerte_Spring_Masthead;0;0;2026-03-28
3a630447cda4bd77019e;GID-700498;3;3;Desktop;40-49;ModeVerte_Eco_Denim_TrueView;1;0;2026-03-16
cf6f678522d48df925b8;GID-700499;5;4;TV_Connectée;65+;ModeVerte_Spring_Bumper;1;0;2026-03-04
031d9749e8cde2f737a4;GID-700500;1;1;Mobile;10-19;ModeVerte_Spring_Masthead;1;0;2026-03-16
9389210c41fda2b5896a;GID-700501;1;1;Mobile;30-39;ModeVerte_Eco_Denim_TrueView;1;0;2026-03-30
519628b2bebac13bacb4;GID-700502;2;2;Tablette;65+;ModeVerte_Spring_Masthead;2;0;2026-03-17
9a8a9f538f45cb9467de;GID-700503;2;2;Tablette;40-49;ModeVerte_Spring_Skippable;0;0;2026-03-18
5c20e8bf54460be6ff77;GID-700504;5;5;Desktop;40-49;ModeVerte_Eco_Denim_TrueView;1;0;2026-03-09
deb8f04bdb7203681fff;GID-700505;5;2;Mobile;40-49;ModeVerte_Spring_Masthead;2;0;2026-03-23
3ae4f7ac47fd3252409a;GID-700506;8;1;TV_Connectée;30-39;ModeVerte_Spring_Skippable;2;0;2026-03-19
35a7cb5de5007fafb6a7;GID-700507;2;2;TV_Connectée;20-29;ModeVerte_Spring_Bumper;2;0;2026-03-28
cd2e855552b1257f8bf2;GID-700508;1;1;Desktop;40-49;ModeVerte_Spring_Skippable;1;0;2026-03-18
a8e9eefb34e9577cb925;GID-700509;4;4;Mobile;60-69;ModeVerte_Eco_Denim_TrueView;2;0;2026-03-22
8d755949a037c014c6e2;GID-700510;5;1;Mobile;60-69;ModeVerte_Spring_Masthead;1;0;2026-03-07
dbbf2161b33b92cac86e;GID-700511;2;2;Mobile;30-39;ModeVerte_Spring_Skippable;1;0;2026-03-04
812c673efca79d94bb15;GID-700512;1;1;Mobile;40-49;ModeVerte_Eco_Denim_TrueView;1;0;2026-03-15
3a5d549af4086ea9c172;GID-700513;2;2;Tablette;30-39;ModeVerte_Spring_Skippable;2;0;2026-03-25
ab995e20963941604736;GID-700514;1;1;Mobile;40-49;ModeVerte_Spring_Masthead;0;0;2026-03-13
249f1542c5b27a71d835;GID-700515;1;1;Mobile;30-39;ModeVerte_Spring_Masthead;1;0;2026-03-19
5bbd2ad976545f8729a1;GID-700516;4;4;Mobile;60-69;ModeVerte_Eco_Denim_TrueView;1;0;2026-03-19
7679e523ed9d28e15b18;GID-700517;5;5;Desktop;65+;ModeVerte_Eco_Denim_TrueView;0;0;2026-03-21
edd9fc1124c013e41204;GID-700518;4;4;TV_Connectée;50-59;ModeVerte_Spring_Skippable;2;0;2026-03-26
cd3bb7690b946cf470c2;GID-700519;1;1;TV_Connectée;65+;ModeVerte_Spring_Bumper;1;0;2026-03-28
cb5d3267c6577b3f87a3;GID-700520;12;6;Desktop;10-19;ModeVerte_Spring_Masthead;2;0;2026-03-23
58f215318a8672ae61d3;GID-700521;3;3;Mobile;20-29;ModeVerte_Eco_Denim_TrueView;2;0;2026-03-27
2bd5e4758ca2ca2d8e0f;GID-700522;1;1;Mobile;30-39;ModeVerte_Spring_Masthead;1;0;2026-03-21
b3aea791a56e75d1c65e;GID-700523;2;2;Desktop;40-49;ModeVerte_Eco_Denim_TrueView;2;0;2026-03-23
1897a5d888793331df94;GID-700524;2;2;Mobile;40-49;ModeVerte_Spring_Skippable;2;0;2026-03-11
9029a1cffaec46ebd729;GID-700525;6;4;Mobile;20-29;ModeVerte_Spring_Skippable;3;0;2026-03-19
63e4093c8d22c871105a;GID-700526;1;1;TV_Connectée;50-59;ModeVerte_Eco_Denim_TrueView;1;0;2026-03-16
3e3a8744a97a0c0887d2;GID-700527;3;1;Desktop;60-69;ModeVerte_Spring_Masthead;1;0;2026-03-29
a512fe6fcaac3f11773a;GID-700528;4;1;Desktop;20-29;ModeVerte_Spring_Bumper;3;0;2026-03-14
154bfbe081b9130413cc;GID-700529;6;3;TV_Connectée;60-69;ModeVerte_Eco_Denim_TrueView;3;0;2026-03-18
d5d26d682583fa7185a5;GID-700530;4;4;Mobile;10-19;ModeVerte_Spring_Bumper;2;0;2026-03-18
2022d98e93d4ffa43ce7;GID-700531;1;1;Tablette;20-29;ModeVerte_Eco_Denim_TrueView;1;0;2026-03-20
d0bffeca3caa6baf95fa;GID-700532;1;1;Mobile;20-29;ModeVerte_Spring_Bumper;1;0;2026-03-25
edaabb1af3725cda15bd;GID-700533;3;2;Mobile;20-29;ModeVerte_Spring_Skippable;3;0;2026-03-10
00abd798442a6a23b412;GID-700534;1;1;Desktop;40-49;ModeVerte_Spring_Bumper;1;0;2026-03-19
fe866442fea3011a9e95;GID-700535;3;2;Mobile;65+;ModeVerte_Spring_Masthead;3;0;2026-03-04
b3fdba211209f9a6fc18;GID-700536;3;3;Mobile;20-29;ModeVerte_Spring_Bumper;0;0;2026-03-16
800cea5799f819e34279;GID-700537;3;3;Mobile;20-29;ModeVerte_Spring_Masthead;0;0;2026-03-17
e31e71a12604458cfe6d;GID-700538;1;1;Tablette;40-49;ModeVerte_Eco_Denim_TrueView;0;0;2026-03-16
a7e86aa73eb1778bc6ef;GID-700539;4;1;Mobile;50-59;ModeVerte_Spring_Skippable;3;0;2026-03-10
6b0daeadba56ee980a94;GID-700540;4;2;Desktop;50-59;ModeVerte_Spring_Skippable;1;0;2026-03-30
baf9d1a6c242af5e3492;GID-700541;3;3;Mobile;20-29;ModeVerte_Spring_Skippable;0;0;2026-03-29
84cb89655b3ac12dd829;GID-700542;3;3;Mobile;40-49;ModeVerte_Eco_Denim_TrueView;2;0;2026-03-20
5f5c489e45cc14ba17cf;GID-700543;3;1;Mobile;40-49;ModeVerte_Spring_Bumper;1;0;2026-03-03
1cdf8521bdb376346afa;GID-700544;3;3;TV_Connectée;50-59;ModeVerte_Eco_Denim_TrueView;3;0;2026-03-02
5972c8e01ef031713581;GID-700545;3;3;Mobile;30-39;ModeVerte_Spring_Bumper;1;0;2026-03-07
f4f88f1920a162df91b0;GID-700546;4;4;Mobile;30-39;ModeVerte_Spring_Bumper;2;0;2026-03-28
af9e39f40c6c5a192ca0;GID-700547;2;2;Mobile;40-49;ModeVerte_Spring_Skippable;2;0;2026-03-16
e03140479d5ab122ecf8;GID-700548;1;1;TV_Connectée;40-49;ModeVerte_Eco_Denim_TrueView;0;0;2026-03-24
a193d796caf940ab3624;GID-700549;4;2;Mobile;20-29;ModeVerte_Eco_Denim_TrueView;1;0;2026-03-15
0b352be38c46d4406cf8;GID-700550;2;2;Tablette;50-59;ModeVerte_Eco_Denim_TrueView;1;0;2026-03-11
0a5df75e8a3db1720050;GID-700551;3;3;Mobile;50-59;ModeVerte_Spring_Bumper;3;0;2026-03-28
cb675e4fbebe970b57f3;GID-700552;1;1;Tablette;30-39;ModeVerte_Spring_Bumper;1;0;2026-03-23
d94b4dde538e39424d8f;GID-700553;5;5;Mobile;65+;ModeVerte_Eco_Denim_TrueView;1;0;2026-03-06
ff1490b0a53b378ff882;GID-700554;3;3;Mobile;40-49;ModeVerte_Spring_Skippable;0;0;2026-03-16
0a4bba47c11245760416;GID-700555;2;2;Mobile;30-39;ModeVerte_Eco_Denim_TrueView;2;0;2026-03-23
29b446a332051aaf5ace;GID-700556;8;5;Mobile;20-29;ModeVerte_Spring_Skippable;2;0;2026-03-06
712986ff556180859f7c;GID-700557;3;1;Mobile;10-19;ModeVerte_Spring_Masthead;0;0;2026-03-17
31d0fd6e7dfb675f5214;GID-700558;2;2;Desktop;30-39;ModeVerte_Spring_Skippable;0;0;2026-03-01
c6ff545183c04f9d107c;GID-700559;3;3;TV_Connectée;40-49;ModeVerte_Eco_Denim_TrueView;0;0;2026-03-08
de20cbd2facc28e6527d;GID-700560;12;2;Mobile;40-49;ModeVerte_Spring_Masthead;3;0;2026-03-12
24f78603f8cb2f837345;GID-700561;1;1;Mobile;30-39;ModeVerte_Spring_Masthead;0;0;2026-03-01
ad42f0d0e848c559572b;GID-700562;6;6;Desktop;20-29;ModeVerte_Spring_Masthead;2;0;2026-03-01
fb3edaf7eda5149dda9f;GID-700563;2;2;TV_Connectée;20-29;ModeVerte_Eco_Denim_TrueView;0;0;2026-03-29
ea0352351e1666b886b6;GID-700564;4;4;Desktop;20-29;ModeVerte_Spring_Masthead;1;0;2026-03-23
aed87c8ab97a60e511a1;GID-700565;1;1;Tablette;65+;ModeVerte_Eco_Denim_TrueView;0;0;2026-03-12
3fdaeefbac6b5dcb725f;GID-700566;1;1;Tablette;10-19;ModeVerte_Spring_Bumper;1;0;2026-03-23
cfa3d2c79e6a642c69f7;GID-700567;1;1;TV_Connectée;20-29;ModeVerte_Spring_Skippable;0;0;2026-03-16
c8b0af918aa8433a9a81;GID-700568;1;1;TV_Connectée;40-49;ModeVerte_Spring_Bumper;0;0;2026-03-10
e8e871fb07aab450ef63;GID-700569;5;3;Tablette;30-39;ModeVerte_Spring_Masthead;0;0;2026-03-20
33f6967f0d811c091e6b;GID-700570;12;6;Mobile;30-39;ModeVerte_Spring_Masthead;3;0;2026-03-07
91e06d06785af74161bf;GID-700571;6;2;Mobile;50-59;ModeVerte_Spring_Masthead;1;0;2026-03-30
87976212787ce4c585b3;GID-700572;2;2;Desktop;20-29;ModeVerte_Spring_Skippable;0;0;2026-03-27
2a2b631d2c51134b8065;GID-700573;5;1;Desktop;40-49;ModeVerte_Spring_Masthead;2;0;2026-03-01
7577a757fae709641889;GID-700574;1;1;TV_Connectée;30-39;ModeVerte_Spring_Skippable;1;0;2026-03-24
5e12f1551d0dd11edfa0;GID-700575;3;3;TV_Connectée;30-39;ModeVerte_Spring_Skippable;1;0;2026-03-30
eedacbd3c7a9e7b9fd00;GID-700576;3;3;Desktop;60-69;ModeVerte_Eco_Denim_TrueView;3;0;2026-03-07
f90806122dd7abe9917e;GID-700577;3;3;Mobile;65+;ModeVerte_Eco_Denim_TrueView;1;0;2026-03-28
394c73c75cbe314b3692;GID-700578;2;2;Mobile;30-39;ModeVerte_Spring_Masthead;1;0;2026-03-27
6e3c2fe5a0e0c2364e49;GID-700579;5;5;Desktop;40-49;ModeVerte_Eco_Denim_TrueView;0;0;2026-03-13
e10c37139fb65c74317e;GID-700580;5;2;Desktop;50-59;ModeVerte_Spring_Bumper;3;0;2026-03-11
676d56b01b3e9fc71c9f;GID-700581;5;2;Mobile;40-49;ModeVerte_Eco_Denim_TrueView;0;0;2026-03-04
547cde08b79544fbe2d9;GID-700582;2;2;Mobile;40-49;ModeVerte_Spring_Masthead;1;0;2026-03-03
4e18691f021729e025f1;GID-700583;1;1;Mobile;20-29;ModeVerte_Spring_Masthead;0;0;2026-03-16
e0fa4b43e03dcdaa18a5;GID-700584;2;2;Desktop;30-39;ModeVerte_Spring_Bumper;2;0;2026-03-03
bb964dddcfed1de59362;GID-700585;8;8;Mobile;40-49;ModeVerte_Spring_Skippable;0;0;2026-03-05
02bc976e57f16b1d4604;GID-700586;4;2;TV_Connectée;40-49;ModeVerte_Spring_Bumper;3;0;2026-03-03
4693c5372bcb171b6901;GID-700587;4;4;Desktop;50-59;ModeVerte_Spring_Masthead;3;0;2026-03-25
dd503d900d64808ea7f8;GID-700588;1;1;Mobile;30-39;ModeVerte_Spring_Masthead;0;0;2026-03-03
9b0ac6e109c2e62d0d18;GID-700589;6;2;TV_Connectée;20-29;ModeVerte_Eco_Denim_TrueView;0;0;2026-03-15
584010283b0637137477;GID-700590;1;1;Mobile;40-49;ModeVerte_Spring_Masthead;1;0;2026-03-29
df33e340951b49a33a8b;GID-700591;1;1;TV_Connectée;10-19;ModeVerte_Eco_Denim_TrueView;1;0;2026-03-20
ed7bc0d286f651f11052;GID-700592;4;4;Desktop;20-29;ModeVerte_Spring_Skippable;2;0;2026-03-11
fdc2ae620b6c100dc9b6;GID-700593;1;1;Desktop;30-39;ModeVerte_Spring_Masthead;0;1;2026-03-14
96e4d0595c456e50cdb6;GID-700594;4;4;Mobile;65+;ModeVerte_Eco_Denim_TrueView;2;1;2026-03-01
62ed22fe8172557c2c1b;GID-700595;1;1;Mobile;40-49;ModeVerte_Spring_Skippable;1;0;2026-03-12
219117b82e5128749e10;GID-700596;6;6;Mobile;20-29;ModeVerte_Spring_Bumper;0;0;2026-03-02
374b65acf189b47a00b6;GID-700597;3;3;Mobile;40-49;ModeVerte_Spring_Masthead;0;0;2026-03-27
1dd120d8157dc76476c9;GID-700598;2;2;Mobile;30-39;ModeVerte_Spring_Skippable;1;0;2026-03-21
d6dda4e3a965614f3c53;GID-700599;1;1;Tablette;40-49;ModeVerte_Spring_Bumper;0;0;2026-03-24
6d5c417323422ed71c0f;GID-700600;2;1;TV_Connectée;65+;ModeVerte_Spring_Skippable;0;0;2026-03-30
25e3ef8bd47d871136b5;GID-700601;4;4;Mobile;40-49;ModeVerte_Spring_Masthead;3;0;2026-03-19
29b05146ef0f12146611;GID-700602;3;1;Desktop;30-39;ModeVerte_Spring_Skippable;1;0;2026-03-19
537e203936ee8a005ad5;GID-700603;4;3;Mobile;30-39;ModeVerte_Spring_Skippable;1;0;2026-03-25
fe31f4cfd4da05e41a82;GID-700604;2;1;Desktop;40-49;ModeVerte_Spring_Bumper;1;0;2026-03-28
08cc130bb84759b67580;GID-700605;3;3;Desktop;30-39;ModeVerte_Spring_Bumper;0;0;2026-03-26
6a2d0ccc44fc658d5ed0;GID-700606;4;4;Mobile;20-29;ModeVerte_Spring_Masthead;2;0;2026-03-08
257d36adf2ff528587a1;GID-700607;3;2;TV_Connectée;30-39;ModeVerte_Eco_Denim_TrueView;3;0;2026-03-20
8c0ba53dc59d8ac42b2b;GID-700608;6;3;Desktop;65+;ModeVerte_Eco_Denim_TrueView;2;0;2026-03-14
b97bcaec7516e0c1a03d;GID-700609;3;3;Mobile;40-49;ModeVerte_Spring_Skippable;1;0;2026-03-28
9c09651794f720765d24;GID-700610;5;5;Mobile;65+;ModeVerte_Spring_Bumper;1;0;2026-03-28
ab4eece1861cca797330;GID-700611;5;5;Desktop;30-39;ModeVerte_Spring_Masthead;0;0;2026-03-06
6ca3216491ed4c096f78;GID-700612;5;5;Tablette;40-49;ModeVerte_Spring_Skippable;3;0;2026-03-30
cb53c2bab2fae85b9b21;GID-700613;3;3;TV_Connectée;40-49;ModeVerte_Spring_Skippable;1;0;2026-03-27
0dfb986b498a8937594a;GID-700614;3;1;Mobile;40-49;ModeVerte_Spring_Skippable;3;0;2026-03-04
2ef08f9f08ee4ccdaec8;GID-700615;2;2;Mobile;30-39;ModeVerte_Spring_Bumper;0;0;2026-03-17
ecdda79d11c6f12e983f;GID-700616;4;4;Mobile;30-39;ModeVerte_Eco_Denim_TrueView;0;0;2026-03-02
264b658c1f81074942f2;GID-700617;4;4;Desktop;30-39;ModeVerte_Spring_Skippable;3;0;2026-03-28
bd896f97fafe8df1acc8;GID-700618;2;2;TV_Connectée;20-29;ModeVerte_Spring_Skippable;1;0;2026-03-22
fc861e5b4bd31fe938d7;GID-700619;2;2;TV_Connectée;30-39;ModeVerte_Spring_Bumper;0;0;2026-03-02
4121f6e44800f53feda8;GID-700620;2;1;Mobile;50-59;ModeVerte_Spring_Bumper;1;0;2026-03-16
412b59c8f0e4a01ea98f;GID-700621;2;1;Mobile;20-29;ModeVerte_Spring_Masthead;2;1;2026-03-07
25861e28f604ab861a1a;GID-700622;5;5;TV_Connectée;40-49;ModeVerte_Eco_Denim_TrueView;2;0;2026-03-04
68a92eecbf1457c38001;GID-700623;2;1;Mobile;20-29;ModeVerte_Spring_Masthead;0;0;2026-03-18
a6d2b01d21d53344d80e;GID-700624;3;3;Mobile;30-39;ModeVerte_Spring_Skippable;3;0;2026-03-06
fe0cef1a4abb558d63d7;GID-700625;1;1;Mobile;40-49;ModeVerte_Spring_Masthead;0;1;2026-03-06
a5135ec119a147703870;GID-700626;2;2;Mobile;65+;ModeVerte_Spring_Bumper;1;0;2026-03-02
83a4edf0c4ea94239d2f;GID-700627;2;2;Mobile;30-39;ModeVerte_Spring_Masthead;0;0;2026-03-15
918c9b81b514beea2aa2;GID-700628;4;2;Mobile;30-39;ModeVerte_Spring_Masthead;0;0;2026-03-28
6c0b668e156fb5f09c75;GID-700629;3;2;Mobile;50-59;ModeVerte_Spring_Bumper;0;0;2026-03-03
673c79736932538a8bca;GID-700630;8;1;TV_Connectée;40-49;ModeVerte_Spring_Masthead;2;0;2026-03-01
08bb3d3e49b719f88cac;GID-700631;1;1;Mobile;20-29;ModeVerte_Spring_Bumper;0;0;2026-03-20
da05c257a5d61ab2318c;GID-700632;3;3;Desktop;30-39;ModeVerte_Spring_Masthead;3;0;2026-03-05
4e1107fcb91b9d8c013b;GID-700633;1;1;Mobile;30-39;ModeVerte_Spring_Masthead;0;0;2026-03-20
4bec053d3a0edd643877;GID-700634;5;5;Desktop;30-39;ModeVerte_Eco_Denim_TrueView;1;0;2026-03-13
5761b78b608408b6624f;GID-700635;2;2;Mobile;30-39;ModeVerte_Spring_Bumper;1;0;2026-03-03
bfef776fcb51625fb59c;GID-700636;1;1;TV_Connectée;20-29;ModeVerte_Spring_Skippable;0;0;2026-03-20
d78cc0950907f03b3c53;GID-700637;6;6;Mobile;40-49;ModeVerte_Spring_Masthead;1;0;2026-03-10
f929be1a42082cef93ec;GID-700638;8;5;Mobile;30-39;ModeVerte_Spring_Masthead;2;0;2026-03-23
698d7e92b52b928305ed;GID-700639;2;1;Mobile;65+;ModeVerte_Spring_Masthead;0;0;2026-03-25
66bb8a7e8b57bc463f1d;GID-700640;6;2;Mobile;50-59;ModeVerte_Eco_Denim_TrueView;3;0;2026-03-08
0096dbb77d720be8b5c6;GID-700641;6;1;Desktop;30-39;ModeVerte_Spring_Bumper;1;0;2026-03-08
3fd2b70d7336662131c7;GID-700642;1;1;Mobile;20-29;ModeVerte_Spring_Bumper;0;0;2026-03-27
e76328f93f17db5b60ff;GID-700643;4;1;Mobile;30-39;ModeVerte_Spring_Bumper;3;0;2026-03-25
86ab1c655db205e0d797;GID-700644;1;1;Mobile;40-49;ModeVerte_Eco_Denim_TrueView;1;0;2026-03-25
b242db489db84caf32fc;GID-700645;3;3;Mobile;20-29;ModeVerte_Eco_Denim_TrueView;0;0;2026-03-26
3f59c8e59439d8d6a5cc;GID-700646;4;4;Mobile;30-39;ModeVerte_Eco_Denim_TrueView;1;0;2026-03-16
be6556416b111eb89b1d;GID-700647;2;2;Mobile;40-49;ModeVerte_Spring_Bumper;2;0;2026-03-07
2513d6700fd6ef5d31df;GID-700648;1;1;Mobile;30-39;ModeVerte_Spring_Bumper;0;0;2026-03-17
af8abcd918d3d104bd17;GID-700649;6;3;Mobile;65+;ModeVerte_Spring_Masthead;3;0;2026-03-15
b77d8e2dfd7556aca438;GID-700650;3;3;Desktop;40-49;ModeVerte_Spring_Bumper;0;0;2026-03-15
09753555ca8358ceae6d;GID-700651;1;1;Mobile;10-19;ModeVerte_Spring_Bumper;1;0;2026-03-21
ea24c5fbc7873cb24f81;GID-700652;2;2;TV_Connectée;20-29;ModeVerte_Eco_Denim_TrueView;2;0;2026-03-22
90fd8e4e9690269a977d;GID-700653;8;7;Mobile;50-59;ModeVerte_Spring_Skippable;1;0;2026-03-01
1a165a99a277c5a28213;GID-700654;3;3;Mobile;40-49;ModeVerte_Spring_Bumper;2;0;2026-03-24
6a96d5d901971d52646a;GID-700655;2;2;Mobile;40-49;ModeVerte_Eco_Denim_TrueView;2;0;2026-03-01
fa617638eb3dcb0819d9;GID-700656;1;1;Desktop;40-49;ModeVerte_Eco_Denim_TrueView;0;0;2026-03-04
49896286c32808750c4b;GID-700657;1;1;Mobile;20-29;ModeVerte_Spring_Skippable;1;0;2026-03-02
338a06f4b842b373b681;GID-700658;6;6;Mobile;40-49;ModeVerte_Spring_Skippable;2;0;2026-03-30
001629afe5d1b11252ea;GID-700659;6;6;Mobile;30-39;ModeVerte_Eco_Denim_TrueView;3;0;2026-03-07
21e82d81146be50192a2;GID-700660;6;2;Desktop;30-39;ModeVerte_Spring_Bumper;0;0;2026-03-13
6c84c6479d3cab7bca1c;GID-700661;4;4;Mobile;50-59;ModeVerte_Eco_Denim_TrueView;2;0;2026-03-01
fe1696d88e9e09af05c1;GID-700662;1;1;TV_Connectée;50-59;ModeVerte_Spring_Masthead;0;0;2026-03-20
b015782b897b65cef62e;GID-700663;3;3;Mobile;40-49;ModeVerte_Eco_Denim_TrueView;1;0;2026-03-24
3d6129295b0e657a2c60;GID-700664;6;4;Desktop;20-29;ModeVerte_Eco_Denim_TrueView;0;0;2026-03-11
446eb7d0cfa8d695a649;GID-700665;1;1;Desktop;20-29;ModeVerte_Spring_Skippable;1;0;2026-03-28
ae688d26b0925200a1e1;GID-700666;12;8;Mobile;65+;ModeVerte_Spring_Skippable;1;0;2026-03-26
5fb659a59c856cc36adc;GID-700667;3;3;Mobile;50-59;ModeVerte_Spring_Skippable;3;0;2026-03-23
41e50300207828907d6e;GID-700668;4;4;Mobile;40-49;ModeVerte_Spring_Masthead;1;0;2026-03-05
94fd85260004af79e8fe;GID-700669;1;1;Mobile;30-39;ModeVerte_Spring_Skippable;1;0;2026-03-18
3bee90031a8b0dfb5d11;GID-700670;3;1;Desktop;60-69;ModeVerte_Spring_Masthead;0;0;2026-03-14
ad36de64b047f37f1c50;GID-700671;6;6;Mobile;20-29;ModeVerte_Spring_Masthead;0;0;2026-03-09
dcb999d73a84e2af7f58;GID-700672;4;4;Mobile;60-69;ModeVerte_Spring_Bumper;0;0;2026-03-15
2ce319a4305f31ed422b;GID-700673;3;3;Desktop;60-69;ModeVerte_Spring_Masthead;1;0;2026-03-17
079c222d7686c59760bb;GID-700674;2;2;Mobile;20-29;ModeVerte_Spring_Masthead;2;0;2026-03-28
53473bbfd43d3666de1d;GID-700675;5;1;Mobile;50-59;ModeVerte_Eco_Denim_TrueView;1;0;2026-03-06
5ebf52102cf06014e774;GID-700676;1;1;Desktop;10-19;ModeVerte_Eco_Denim_TrueView;0;0;2026-03-16
98c674c08a7367d36c64;GID-700677;1;1;Tablette;50-59;ModeVerte_Eco_Denim_TrueView;0;0;2026-03-09
f6858dfd250850d0b000;GID-700678;3;3;Desktop;20-29;ModeVerte_Spring_Bumper;1;0;2026-03-17
5e5cf15fd6a4020c764a;GID-700679;5;3;Desktop;40-49;ModeVerte_Spring_Bumper;2;0;2026-03-20
bc3db68efa0b8072c88d;GID-700680;3;3;Mobile;30-39;ModeVerte_Spring_Bumper;3;0;2026-03-21
6f59275199a4eeacae02;GID-700681;6;6;Tablette;40-49;ModeVerte_Spring_Masthead;3;0;2026-03-02
3b4466e6af9378d27bae;GID-700682;2;2;Mobile;20-29;ModeVerte_Eco_Denim_TrueView;2;0;2026-03-18
a6744621332784aa99c8;GID-700683;6;3;Desktop;40-49;ModeVerte_Eco_Denim_TrueView;1;0;2026-03-27
ef6e83d221f5a2da80ac;GID-700684;3;1;Desktop;50-59;ModeVerte_Spring_Skippable;0;0;2026-03-01
90335404a7910d4d4519;GID-700685;1;1;Mobile;40-49;ModeVerte_Spring_Skippable;1;0;2026-03-28
085afc14184c67606a5c;GID-700686;1;1;Desktop;40-49;ModeVerte_Spring_Skippable;0;0;2026-03-02
b649d8082e1f78eea8cc;GID-700687;3;3;Mobile;20-29;ModeVerte_Spring_Masthead;2;0;2026-03-12
cfc3a8bc315f1768383a;GID-700688;8;2;TV_Connectée;40-49;ModeVerte_Eco_Denim_TrueView;2;0;2026-03-08
5d4887d255dc5dbb2a10;GID-700689;5;5;Mobile;40-49;ModeVerte_Spring_Bumper;0;0;2026-03-24
e47fedbd5296543cf5fc;GID-700690;6;6;Mobile;40-49;ModeVerte_Eco_Denim_TrueView;1;0;2026-03-27
105228508e402b01778f;GID-700691;1;1;Desktop;30-39;ModeVerte_Eco_Denim_TrueView;1;0;2026-03-07
234a1a8717378217e687;GID-700692;5;1;TV_Connectée;65+;ModeVerte_Eco_Denim_TrueView;0;0;2026-03-19
e7ee541d83ec800292c5;GID-700693;3;2;Desktop;50-59;ModeVerte_Spring_Skippable;3;0;2026-03-13
11fb1413d4139d58ef0b;GID-700694;1;1;Desktop;50-59;ModeVerte_Spring_Masthead;0;1;2026-03-09
7eb1e7e339e1e04a21b2;GID-700695;8;8;Mobile;30-39;ModeVerte_Eco_Denim_TrueView;2;0;2026-03-06
d88ba75d55ff6c709612;GID-700696;1;1;TV_Connectée;60-69;ModeVerte_Spring_Masthead;0;0;2026-03-21
2c6673e825a30dc081b5;GID-700697;6;6;Desktop;20-29;ModeVerte_Spring_Bumper;2;0;2026-03-30
9ad66fc5436a6ac486bf;GID-700698;3;2;Mobile;40-49;ModeVerte_Eco_Denim_TrueView;0;0;2026-03-28
1ecd33a91a32680c50de;GID-700699;1;1;Mobile;50-59;ModeVerte_Eco_Denim_TrueView;1;0;2026-03-19
b2425edb4e875834744f;GID-700700;2;2;Desktop;50-59;ModeVerte_Spring_Bumper;0;0;2026-03-18
a9cb18faa7798b81dd3b;GID-700701;2;2;Mobile;65+;ModeVerte_Spring_Bumper;0;0;2026-03-12
7a477655edfe3924d092;GID-700702;1;1;TV_Connectée;10-19;ModeVerte_Spring_Bumper;0;0;2026-03-13
5e3097da47a66914400b;GID-700703;6;6;Mobile;65+;ModeVerte_Eco_Denim_TrueView;2;0;2026-03-05
65c0d0150cd2384ae7b0;GID-700704;2;2;Desktop;20-29;ModeVerte_Spring_Masthead;1;0;2026-03-08
035c82a17b49ee641dc9;GID-700705;4;4;Mobile;30-39;ModeVerte_Spring_Skippable;2;0;2026-03-30
f7d66be1ca35f8a194cc;GID-700706;12;7;TV_Connectée;30-39;ModeVerte_Spring_Masthead;3;0;2026-03-15
0f54b62c44c752e6becc;GID-700707;1;1;TV_Connectée;20-29;ModeVerte_Spring_Masthead;0;0;2026-03-24
9c4d8ff3790cd1aa8162;GID-700708;3;2;Mobile;30-39;ModeVerte_Spring_Skippable;0;0;2026-03-15
36f1737c50c8069f3b2b;GID-700709;3;3;Mobile;60-69;ModeVerte_Spring_Bumper;1;0;2026-03-10
e21a025fc10fc2bea0e7;GID-700710;1;1;Desktop;65+;ModeVerte_Eco_Denim_TrueView;1;0;2026-03-05
8215e12860dff6ef8209;GID-700711;3;1;Tablette;30-39;ModeVerte_Spring_Bumper;2;0;2026-03-16
97705bb810ce04cae525;GID-700712;3;3;Mobile;20-29;ModeVerte_Spring_Skippable;2;0;2026-03-11
cc780099c5980170aac0;GID-700713;4;4;TV_Connectée;20-29;ModeVerte_Spring_Masthead;3;0;2026-03-24
1bdadb887a0bb437fd71;GID-700714;2;2;Mobile;50-59;ModeVerte_Spring_Masthead;0;0;2026-03-05
6b21022d3d54851849a7;GID-700715;6;1;Mobile;50-59;ModeVerte_Spring_Skippable;3;0;2026-03-23
6630ce98463a35c234c0;GID-700716;5;5;Mobile;20-29;ModeVerte_Spring_Masthead;1;0;2026-03-24
88d3ef151190e486c99f;GID-700717;2;2;Mobile;30-39;ModeVerte_Spring_Masthead;2;0;2026-03-24
20d524aa7ad0b4900468;GID-700718;1;1;Mobile;30-39;ModeVerte_Spring_Bumper;0;0;2026-03-23
952c569c061a8eb356e6;GID-700719;1;1;Mobile;65+;ModeVerte_Spring_Bumper;0;0;2026-03-03
bc40b91c420dd7f1f34e;GID-700720;8;8;Mobile;60-69;ModeVerte_Spring_Bumper;3;0;2026-03-11
6281c76fc28c69bdee60;GID-700721;3;1;Mobile;40-49;ModeVerte_Eco_Denim_TrueView;0;0;2026-03-16
408c29fdd3c76d9d8a1f;GID-700722;3;3;Tablette;20-29;ModeVerte_Spring_Bumper;3;0;2026-03-24
b4003ef97d5ebc2a3662;GID-700723;4;4;Mobile;30-39;ModeVerte_Spring_Bumper;1;0;2026-03-13
30fc427caad6d66e6ecf;GID-700724;2;2;Mobile;40-49;ModeVerte_Spring_Skippable;1;0;2026-03-01
cabb22a517f51f8f827f;GID-700725;4;4;Mobile;20-29;ModeVerte_Eco_Denim_TrueView;3;0;2026-03-17
8f4f2f2dc9c881a8763d;GID-700726;3;3;Mobile;40-49;ModeVerte_Eco_Denim_TrueView;1;0;2026-03-23
e91fa5fa9325252e1fe4;GID-700727;2;2;TV_Connectée;20-29;ModeVerte_Spring_Masthead;1;0;2026-03-26
38e91dba4cd9b37d51c8;GID-700728;1;1;Desktop;40-49;ModeVerte_Spring_Masthead;1;0;2026-03-19
c6becc21038e7c2c477c;GID-700729;8;7;TV_Connectée;30-39;ModeVerte_Spring_Bumper;0;0;2026-03-05
8d96786dbdabcde77d80;GID-700730;1;1;TV_Connectée;40-49;ModeVerte_Spring_Bumper;1;0;2026-03-12
d89eb3da67f60113e759;GID-700731;6;6;Mobile;50-59;ModeVerte_Spring_Skippable;2;0;2026-03-26
6f9f7191ad7aef290bf6;GID-700732;3;2;Desktop;40-49;ModeVerte_Eco_Denim_TrueView;1;0;2026-03-07
797cee0f853bc29a26a0;GID-700733;1;1;Desktop;30-39;ModeVerte_Spring_Masthead;1;0;2026-03-21
2193dd05f0666c0f0930;GID-700734;6;6;Desktop;30-39;ModeVerte_Eco_Denim_TrueView;2;0;2026-03-14
6913cff9ce44fbae8e48;GID-700735;3;1;Mobile;50-59;ModeVerte_Spring_Skippable;1;0;2026-03-26
dabfe7a8e7b441858f1a;GID-700736;3;3;Mobile;20-29;ModeVerte_Eco_Denim_TrueView;0;0;2026-03-22
1540dacce75e61767516;GID-700737;4;4;Mobile;40-49;ModeVerte_Spring_Bumper;0;0;2026-03-21
bb8d203351568529ed35;GID-700738;6;1;Desktop;40-49;ModeVerte_Spring_Masthead;1;0;2026-03-07
999d2f8064ee19085b8b;GID-700739;6;4;TV_Connectée;50-59;ModeVerte_Spring_Bumper;3;0;2026-03-13
3c12fceac8eecb65e0a0;GID-700740;3;3;TV_Connectée;50-59;ModeVerte_Spring_Masthead;3;0;2026-03-22
c8ad3d64f8ae78bd610d;GID-700741;5;5;Mobile;10-19;ModeVerte_Spring_Masthead;1;0;2026-03-30
c1c4c4a8532af8cc3486;GID-700742;1;1;Desktop;20-29;ModeVerte_Spring_Bumper;1;0;2026-03-12
f421570975f7f50ae41f;GID-700743;1;1;Desktop;30-39;ModeVerte_Spring_Skippable;1;0;2026-03-15
16d073c55471e3569451;GID-700744;5;2;Mobile;40-49;ModeVerte_Eco_Denim_TrueView;2;0;2026-03-21
39c7d9ad162ba4fe6103;GID-700745;2;2;Desktop;65+;ModeVerte_Spring_Bumper;2;0;2026-03-25
a95e206053b8ae5e8010;GID-700746;2;2;Mobile;65+;ModeVerte_Eco_Denim_TrueView;1;1;2026-03-09
570ce8ea64598c48fddd;GID-700747;8;4;Mobile;40-49;ModeVerte_Eco_Denim_TrueView;2;0;2026-03-12
ad23a2be60adc09dc723;GID-700748;1;1;Mobile;30-39;ModeVerte_Spring_Masthead;0;0;2026-03-11
d5622b1302875f48038a;GID-700749;3;2;Mobile;40-49;ModeVerte_Eco_Denim_TrueView;3;0;2026-03-01
dd336dec83a6f100310d;GID-700750;1;1;Mobile;40-49;ModeVerte_Spring_Masthead;1;0;2026-03-12
c5d5e3713b6a1d42b7bf;GID-700751;2;2;Tablette;20-29;ModeVerte_Eco_Denim_TrueView;2;0;2026-03-03
9a011e50aa7bf716443e;GID-700752;2;1;Mobile;40-49;ModeVerte_Spring_Masthead;0;0;2026-03-03
222abda3bda2f2c36869;GID-700753;2;2;Mobile;30-39;ModeVerte_Eco_Denim_TrueView;2;1;2026-03-03
6d289dff2160be927ed7;GID-700754;2;2;Mobile;40-49;ModeVerte_Eco_Denim_TrueView;2;0;2026-03-23
e6469f7e6040820e9b33;GID-700755;5;5;TV_Connectée;65+;ModeVerte_Spring_Bumper;1;0;2026-03-13
a5c227149f0310b0d687;GID-700756;3;1;Mobile;65+;ModeVerte_Spring_Masthead;0;0;2026-03-10
f175a407d8d4f8fed008;GID-700757;2;2;Mobile;20-29;ModeVerte_Spring_Bumper;0;0;2026-03-01
b671148e649f170d020d;GID-700758;1;1;Desktop;50-59;ModeVerte_Spring_Skippable;1;0;2026-03-29
7fc11f637d5b9406fb7e;GID-700759;4;2;Desktop;30-39;ModeVerte_Eco_Denim_TrueView;2;0;2026-03-28
d9f52d35c77089e58c8b;GID-700760;1;1;TV_Connectée;30-39;ModeVerte_Spring_Masthead;0;0;2026-03-15
f46ebc7bf8848310d75d;GID-700761;5;1;TV_Connectée;30-39;ModeVerte_Eco_Denim_TrueView;0;0;2026-03-06
9c1585860688c371b00b;GID-700762;3;1;TV_Connectée;40-49;ModeVerte_Eco_Denim_TrueView;0;0;2026-03-05
18d16b760f0d63dae629;GID-700763;2;1;Mobile;50-59;ModeVerte_Eco_Denim_TrueView;1;0;2026-03-04
e7c3295d939feb1e7f0f;GID-700764;1;1;Desktop;20-29;ModeVerte_Spring_Skippable;1;0;2026-03-08
5c8a56f9cb3f64e6ef2f;GID-700765;3;3;Mobile;65+;ModeVerte_Eco_Denim_TrueView;3;0;2026-03-04
53b9f951786c46a9b284;GID-700766;4;4;Mobile;65+;ModeVerte_Eco_Denim_TrueView;0;0;2026-03-19
d8627d8870bdc65fe320;GID-700767;3;3;Desktop;30-39;ModeVerte_Spring_Masthead;3;0;2026-03-22
00a1c9e7b5cb40feaa6f;GID-700768;5;4;TV_Connectée;30-39;ModeVerte_Spring_Skippable;3;0;2026-03-05
952a48c3cdf80037c040;GID-700769;3;3;Mobile;30-39;ModeVerte_Spring_Masthead;1;0;2026-03-16
5e948310dbd48d228c53;GID-700770;2;2;Desktop;30-39;ModeVerte_Spring_Bumper;1;0;2026-03-17
0818c5a2caf0fff09306;GID-700771;12;4;TV_Connectée;40-49;ModeVerte_Spring_Skippable;0;0;2026-03-06
880f200296135878f62c;GID-700772;3;3;Mobile;20-29;ModeVerte_Spring_Masthead;2;0;2026-03-29
f7a80aec65d9fec7044e;GID-700773;1;1;TV_Connectée;30-39;ModeVerte_Eco_Denim_TrueView;1;0;2026-03-07
78ab5d2296f9246da3ea;GID-700774;5;5;Desktop;50-59;ModeVerte_Eco_Denim_TrueView;3;0;2026-03-03
80a2cdafe5a3f5459dc7;GID-700775;4;3;Mobile;30-39;ModeVerte_Spring_Bumper;2;0;2026-03-03
a0ecab2e303307511c8e;GID-700776;4;2;Mobile;65+;ModeVerte_Spring_Bumper;3;0;2026-03-20
dbb61129818ad42d276a;GID-700777;1;1;Desktop;40-49;ModeVerte_Spring_Bumper;0;0;2026-03-02
995edc333bbddf448a28;GID-700778;2;2;Mobile;30-39;ModeVerte_Spring_Bumper;0;0;2026-03-21
210f20fce6903618c840;GID-700779;6;2;TV_Connectée;50-59;ModeVerte_Spring_Bumper;3;0;2026-03-03
687f7d4e77c45f10717a;GID-700780;5;5;TV_Connectée;30-39;ModeVerte_Spring_Skippable;2;0;2026-03-01
18d690bcf047dcb0921d;GID-700781;2;2;Mobile;30-39;ModeVerte_Spring_Skippable;1;0;2026-03-20
97225269166302bca49f;GID-700782;1;1;Desktop;30-39;ModeVerte_Eco_Denim_TrueView;0;0;2026-03-20
dc7c283a4ea33a35ace5;GID-700783;12;3;Desktop;50-59;ModeVerte_Eco_Denim_TrueView;0;0;2026-03-03
037b7a05557e44eedb5e;GID-700784;1;1;Mobile;30-39;ModeVerte_Eco_Denim_TrueView;0;0;2026-03-14
7ac16a0acdb1d928f88f;GID-700785;6;6;TV_Connectée;40-49;ModeVerte_Eco_Denim_TrueView;3;0;2026-03-10
848afab73e82d934cbcf;GID-700786;1;1;Mobile;30-39;ModeVerte_Spring_Bumper;0;0;2026-03-15
9c43841a42f388e97793;GID-700787;2;1;TV_Connectée;20-29;ModeVerte_Spring_Masthead;2;0;2026-03-02
7602a0cf298e7c59451f;GID-700788;3;1;Tablette;65+;ModeVerte_Spring_Masthead;3;0;2026-03-18
ce88547d1c09bd151c6e;GID-700789;3;3;Desktop;40-49;ModeVerte_Spring_Bumper;2;0;2026-03-23
dbb1e28e9aaaffd2c91c;GID-700790;12;6;Mobile;30-39;ModeVerte_Spring_Skippable;3;0;2026-03-02
3285fde76158bd9e9884;GID-700791;1;1;Mobile;65+;ModeVerte_Spring_Bumper;1;0;2026-03-18
b2d13e4d909dca98b2df;GID-700792;3;2;Desktop;20-29;ModeVerte_Spring_Masthead;2;0;2026-03-15
f21c60d3cfe3f03242dc;GID-700793;5;2;TV_Connectée;40-49;ModeVerte_Spring_Skippable;0;0;2026-03-06
12a98bd08c21a8a9eac5;GID-700794;1;1;TV_Connectée;30-39;ModeVerte_Spring_Masthead;0;0;2026-03-26
9576317ef2d05e1c8160;GID-700795;12;8;Mobile;30-39;ModeVerte_Spring_Skippable;2;0;2026-03-25
944bb17d445061936100;GID-700796;3;3;TV_Connectée;50-59;ModeVerte_Spring_Bumper;2;0;2026-03-06
46232a84cfce03d768f5;GID-700797;4;3;Mobile;30-39;ModeVerte_Spring_Skippable;1;0;2026-03-23
af8b327f25210a2e5a05;GID-700798;3;3;Mobile;65+;ModeVerte_Eco_Denim_TrueView;3;0;2026-03-04
e4e7290457038d2e97ab;GID-700799;3;2;Desktop;20-29;ModeVerte_Spring_Bumper;2;0;2026-03-22
d759df3d94755f06262f;GID-700800;12;4;TV_Connectée;30-39;ModeVerte_Eco_Denim_TrueView;2;0;2026-03-08
